Player,Age_Start,Age_End,Avg_PA,Seasons_Num,G,AB,R,H,1B,2B,3B,HR,RBI,XBH,SB,CS,BB,SO,TB,GIDP,HBP,SH,SF,IBB,Total_WAR,Avg_WAR,Last_3_WAR,BA,OBP,SLG,OPS,All_Stars,GGs,SSs,Bat_Titles,MVPs,WS_MVP,Pos,1_seasons,2_seasons,3_seasons,4_seasons,status
Adam Jones,20,33,537,14,1823,7009,963,1939,1292,336,29,282,945.0,647,97.0,35.0,340,1395.0,3179,190.0,103.0,8.0,55.0,20.0,32.4,2.3,2.4,0.277,0.332,0.454,0.786,5,4,1,0,0,0,8,9,1,4,0,retired
Adrian Beltré,19,39,578,21,2933,11068,1524,3166,2015,636,38,477,1707.0,1151,121.0,42.0,848,1732.0,5309,279.0,97.0,14.0,103.0,112.0,93.89999999999999,4.5,12.0,0.286,0.365,0.48,0.845,4,5,4,0,0,0,5,13,4,4,0,hof
Adrián González,22,36,536,15,1929,7139,997,2050,1284,437,12,317,1202.0,766,6.0,7.0,782,1401.0,3462,207.0,45.0,4.0,73.0,158.0,43.699999999999996,2.9,0.6,0.287,0.396,0.485,0.881,0,4,2,0,0,0,3,11,2,2,0,retired
Al Kaline,19,39,551,21,2804,10088,1613,3000,2029,498,75,398,1580.0,971,136.0,65.0,1276,1015.0,4842,270.0,54.0,45.0,104.0,133.0,92.9,4.4,4.0,0.297,0.423,0.48,0.903,5,11,0,0,0,0,9,9,0,12,0,hof
Al Oliver,21,37,559,17,2272,8783,1168,2676,1868,518,76,214,1295.0,808,83.0,64.0,523,732.0,3988,243.0,81.0,17.0,94.0,117.0,44.8,2.6,5.8,0.305,0.366,0.454,0.82,7,0,3,0,0,0,8,10,3,4,0,retired
Alan Trammell,20,37,507,18,2208,8052,1209,2312,1663,410,55,184,987.0,649,230.0,109.0,836,835.0,3384,152.0,37.0,122.0,73.0,48.0,72.5,4.0,5.2,0.287,0.39,0.42,0.81,4,4,3,0,0,1,6,10,4,4,0,hof
Albert Belle,22,33,556,12,1539,5853,974,1726,935,389,21,381,1239.0,791,88.0,41.0,683,961.0,3300,193.0,55.0,4.0,78.0,91.0,40.1,3.3,11.1,0.295,0.412,0.564,0.976,4,0,5,0,0,0,7,7,5,0,0,retired
Albert Pujols,21,42,591,21,2931,10828,1861,3241,1876,669,16,680,2117.0,1365,114.0,43.0,1336,1311.0,5982,400.0,121.0,1.0,119.0,311.0,103.3,4.9,1.4,0.299,0.424,0.552,0.976,10,2,6,0,3,0,3,11,4,3,3,retired
Alex Gordon,23,36,518,14,1753,6391,867,1643,1070,357,26,190,749.0,573,113.0,45.0,684,1535.0,2622,110.0,121.0,8.0,43.0,48.0,34.99999999999999,2.5,3.4,0.257,0.373,0.41,0.783,1,8,0,0,0,0,7,6,0,8,0,retired
Alfonso Soriano,23,37,545,14,1791,7047,1066,1930,1073,441,30,386,1081.0,857,279.0,82.0,450,1614.0,3589,113.0,81.0,9.0,48.0,61.0,31.4,2.2,4.8,0.274,0.343,0.509,0.852,6,0,4,0,0,0,7,8,4,2,0,retired
Amos Otis,20,37,485,17,1998,7299,1092,2020,1387,374,66,193,1007.0,633,341.0,93.0,757,1008.0,3105,158.0,33.0,54.0,103.0,53.0,42.900000000000006,2.5,-0.2,0.277,0.378,0.425,0.803,4,3,0,0,0,0,8,12,0,5,0,retired
Andre Dawson,22,37,598,16,2286,8805,1250,2484,1552,440,93,399,1418.0,932,309.0,104.0,547,1336.0,4307,176.0,85.0,22.0,107.0,134.0,67.8,4.2,7.9,0.282,0.346,0.489,0.835,8,8,4,0,1,0,9,5,3,7,1,hof
Andrelton Simmons,22,32,438,11,1225,4441,501,1169,875,201,23,70,444.0,294,72.0,24.0,304,461.0,1626,163.0,26.0,16.0,29.0,15.0,36.699999999999996,3.3,1.8,0.263,0.333,0.366,0.699,0,4,0,0,0,0,6,7,0,4,0,retired
Andruw Jones,19,35,527,16,2121,7390,1183,1900,1059,375,35,431,1275.0,841,152.0,58.0,864,1672.0,3638,187.0,96.0,6.0,70.0,69.0,64.2,4.0,3.0,0.257,0.379,0.492,0.871,4,9,3,0,0,0,8,7,3,6,0,retired
Andrés Galarraga,24,43,469,19,2257,8096,1195,2333,1458,444,32,399,1425.0,875,128.0,81.0,583,2003.0,4038,179.0,178.0,1.0,58.0,106.0,31.900000000000002,1.7,0.3,0.288,0.371,0.499,0.87,5,2,2,0,0,0,3,11,2,6,0,retired
Andy Van Slyke,22,34,500,13,1658,5711,835,1562,1014,293,91,164,792.0,548,245.0,59.0,667,1063.0,2529,94.0,27.0,12.0,61.0,55.0,41.4,3.2,1.7,0.274,0.389,0.443,0.832,0,0,0,0,0,0,8,13,0,0,0,retired
Anthony Rizzo,21,34,524,14,1727,6288,922,1644,981,338,22,303,965.0,663,72.0,44.0,781,1208.0,2935,149.0,222.0,0.0,45.0,75.0,40.300000000000004,2.9,3.0,0.261,0.404,0.467,0.871,3,4,1,0,0,0,3,8,1,5,0,retired
Aramis Ramírez,21,37,509,16,1980,7363,1024,2122,1277,460,23,362,1322.0,845,27.0,17.0,586,1071.0,3714,213.0,115.0,2.0,75.0,55.0,35.3,2.2,1.4,0.288,0.374,0.504,0.878,0,0,1,0,0,0,5,15,1,0,0,retired
Asdrúbal Cabrera,21,35,493,15,1822,6632,886,1763,1139,401,28,195,869.0,624,91.0,32.0,589,1330.0,2805,177.0,68.0,51.0,61.0,26.0,29.999999999999996,2.0,1.2,0.266,0.358,0.423,0.781,0,0,1,0,0,0,6,14,1,0,0,retired
B.J. Surhoff,22,40,479,19,2313,8258,1062,2326,1656,440,42,188,1153.0,670,141.0,84.0,640,839.0,3414,169.0,33.0,71.0,104.0,81.0,34.5,1.8,2.0,0.282,0.357,0.413,0.77,1,0,0,0,0,0,2,18,0,1,0,retired
Barry Bonds,21,42,573,22,2986,9847,2227,2935,1495,601,77,762,1996.0,1440,514.0,141.0,2558,1539.0,5976,165.0,106.0,4.0,91.0,688.0,162.79999999999998,7.4,8.0,0.298,0.557,0.607,1.164,13,8,12,0,7,0,7,7,5,3,7,retired
Barry Larkin,22,40,472,18,2035,7430,1257,2216,1547,404,74,191,913.0,669,366.0,73.0,895,760.0,3341,165.0,52.0,53.0,60.0,57.0,70.80000000000001,3.9,2.1,0.298,0.419,0.45,0.869,9,3,9,0,1,0,6,5,8,4,1,hof
Ben Zobrist,25,38,518,13,1620,5783,876,1551,994,347,44,166,759.0,557,114.0,49.0,829,973.0,2484,123.0,30.0,24.0,65.0,35.0,45.9,3.5,3.5,0.268,0.41,0.43,0.84,2,0,0,0,0,1,4,11,1,1,0,retired
Bernie Williams,21,37,458,19,2037,7556,1336,2248,1478,436,55,279,1208.0,770,148.0,87.0,1037,1190.0,3631,211.0,38.0,12.0,58.0,98.0,50.30000000000001,2.6,1.5,0.298,0.434,0.481,0.915,4,4,1,0,0,0,8,13,1,5,0,retired
Bert Campaneris,22,41,507,19,2328,8684,1181,2249,1771,313,86,79,646.0,478,649.0,199.0,618,1142.0,2971,106.0,64.0,199.0,60.0,15.0,53.0,2.8,0.2,0.259,0.333,0.342,0.675,5,0,0,0,0,0,6,14,0,5,0,retired
Bill Doran,24,35,494,12,1453,5131,727,1366,1023,220,39,84,497.0,343,209.0,93.0,709,600.0,1916,79.0,10.0,34.0,38.0,52.0,32.900000000000006,2.7,1.7,0.266,0.403,0.373,0.776,0,0,0,0,0,0,4,12,0,0,0,retired
Bill Freehan,19,34,460,15,1774,6073,706,1591,1115,241,35,200,758.0,476,24.0,21.0,626,753.0,2502,138.0,114.0,38.0,48.0,67.0,44.800000000000004,3.0,6.4,0.262,0.374,0.412,0.786,8,5,0,0,0,0,2,7,0,8,0,retired
Bill Madlock,22,36,491,15,1806,6594,920,2008,1463,348,34,163,860.0,545,174.0,90.0,605,510.0,2913,190.0,68.0,36.0,69.0,121.0,38.3,2.6,4.5,0.305,0.398,0.442,0.84,3,0,0,0,0,0,5,12,0,3,0,retired
Bill Mazeroski,19,33,540,15,2059,7498,749,1955,1470,287,61,137,834.0,485,27.0,23.0,429,693.0,2775,189.0,20.0,82.0,65.0,108.0,37.4,2.5,4.5,0.261,0.317,0.37,0.687,1,8,0,0,0,0,4,7,0,8,0,hof
Bill Russell,20,37,446,18,2181,7318,796,1926,1530,293,57,46,627.0,396,167.0,69.0,483,667.0,2471,174.0,36.0,132.0,51.0,106.0,31.400000000000002,1.7,0.8,0.263,0.33,0.338,0.668,3,0,0,0,0,0,6,15,0,3,0,retired
Billy Williams,22,38,617,17,2470,9317,1410,2706,1759,434,87,426,1473.0,947,90.0,49.0,1044,1039.0,4592,198.0,43.0,8.0,73.0,182.0,63.8,3.8,3.9,0.29,0.402,0.493,0.895,5,0,0,0,0,0,7,12,0,5,0,hof
Bob Allison,26,35,464,10,1236,3926,648,999,580,167,41,211,642.0,419,60.0,31.0,641,842.0,1881,78.0,30.0,15.0,29.0,25.0,30.6,3.1,2.3,0.254,0.419,0.479,0.898,2,0,0,0,0,0,7,8,0,2,0,retired
Bob Gibson,24,34,96,10,390,842,91,187,141,29,2,15,99.0,46,11.0,7.0,47,273.0,265,9.0,6.0,54.0,10.0,0.0,6.400000000000001,0.6,2.7,0.222,0.28,0.315,0.595,4,6,0,0,1,1,1,4,1,4,1,hof
Bobby Abreu,22,40,560,18,2425,8480,1453,2470,1549,574,59,288,1363.0,921,400.0,128.0,1476,1840.0,4026,165.0,33.0,7.0,85.0,115.0,60.400000000000006,3.4,0.6,0.291,0.463,0.475,0.938,2,1,1,0,0,0,9,16,1,1,0,retired
Bobby Bonds,22,35,578,14,1849,7043,1258,1886,1186,302,66,332,1024.0,700,461.0,169.0,914,1757.0,3316,107.0,53.0,16.0,64.0,75.0,57.8,4.1,3.2,0.268,0.398,0.471,0.869,3,3,0,0,0,0,9,10,0,4,0,retired
Bobby Bonilla,23,38,560,14,1939,6855,1049,1930,1204,390,58,278,1127.0,726,45.0,56.0,856,1137.0,3270,162.0,26.0,5.0,94.0,125.0,32.8,2.3,0.0,0.282,0.403,0.477,0.88,6,0,3,0,0,0,5,8,3,3,0,retired
Bobby Grich,21,37,484,17,2008,6890,1033,1833,1242,320,47,224,864.0,591,104.0,83.0,1087,1278.0,2919,157.0,86.0,107.0,50.0,50.0,71.4,4.2,6.7,0.266,0.428,0.424,0.852,6,4,1,0,0,0,4,8,1,8,0,retired
Bobby Murcer,19,37,454,17,1908,6730,972,1862,1280,285,45,252,1043.0,582,127.0,75.0,862,841.0,2993,124.0,27.0,18.0,81.0,96.0,32.2,1.9,-0.1,0.277,0.402,0.445,0.847,5,1,0,0,0,0,9,12,0,5,0,retired
Boog Powell,19,35,419,19,2101,6822,916,1813,1183,276,12,342,1199.0,630,21.0,23.0,1017,1262.0,3139,167.0,29.0,28.0,74.0,140.0,39.900000000000006,2.1,0.6,0.266,0.413,0.46,0.873,3,0,0,0,1,0,3,16,0,2,1,retired
Brady Anderson,24,38,516,15,1834,6499,1062,1661,1046,338,67,210,761.0,615,315.0,100.0,960,1190.0,2763,65.0,154.0,74.0,50.0,59.0,34.900000000000006,2.3,1.4,0.256,0.414,0.425,0.839,3,0,0,0,0,0,8,12,0,3,0,retired
Brandon Belt,23,35,422,13,1413,4729,681,1232,712,290,36,194,627.0,520,47.0,21.0,678,1346.0,2176,64.0,48.0,1.0,27.0,36.0,30.099999999999998,2.3,5.0,0.261,0.408,0.46,0.868,1,0,0,0,0,0,3,12,0,1,0,retired
Brandon Crawford,24,37,461,13,1589,5363,643,1349,882,284,43,140,710.0,467,44.0,34.0,516,1213.0,2139,116.0,55.0,6.0,58.0,74.0,30.699999999999996,2.4,6.6,0.252,0.351,0.399,0.75,3,4,1,0,0,0,6,8,1,4,0,retired
Brett Butler,24,40,561,17,2213,8180,1359,2375,1913,277,131,54,578.0,462,558.0,257.0,1129,907.0,3076,62.0,38.0,147.0,51.0,23.0,49.7,2.9,1.0,0.29,0.428,0.376,0.804,1,0,0,0,0,0,8,16,0,1,0,retired
Brett Gardner,24,37,472,14,1688,5737,943,1470,1007,251,73,139,578.0,463,274.0,64.0,699,1245.0,2284,58.0,67.0,69.0,42.0,6.0,44.3,3.2,5.9,0.256,0.382,0.398,0.78,1,1,0,0,0,0,7,12,0,2,0,retired
Brian Downing,22,41,465,20,2344,7853,1188,2099,1436,360,28,275,1073.0,663,50.0,44.0,1197,1127.0,3340,197.0,129.0,60.0,70.0,55.0,51.7,2.6,7.3,0.267,0.425,0.425,0.85,1,0,0,0,0,0,2,19,0,1,0,retired
Brian Giles,21,37,419,20,2073,7011,1177,2016,1239,428,54,295,1105.0,777,135.0,58.0,1227,955.0,3437,165.0,52.0,9.0,74.0,114.0,54.39999999999999,2.7,9.6,0.288,0.462,0.49,0.952,2,0,0,0,0,0,9,18,0,2,0,retired
Brian Jordan,25,39,376,15,1456,5160,755,1454,966,267,37,184,821.0,488,119.0,48.0,353,842.0,2347,118.0,74.0,2.0,57.0,25.0,33.099999999999994,2.2,-1.2,0.282,0.356,0.455,0.811,1,0,0,0,0,0,9,14,0,1,0,retired
Brian McCann,21,35,457,15,1755,6067,742,1590,1009,294,5,282,1018.0,581,25.0,9.0,640,1054.0,2740,180.0,75.0,9.0,59.0,71.0,31.800000000000004,2.1,1.9,0.262,0.372,0.452,0.824,6,0,6,0,0,0,2,8,6,1,0,retired
Brian Roberts,23,36,475,13,1401,5465,848,1515,1012,367,39,97,537.0,503,284.0,72.0,604,832.0,2251,82.0,13.0,47.0,47.0,26.0,30.6,2.4,1.4,0.277,0.386,0.412,0.798,2,0,0,0,0,0,4,11,0,2,0,retired
Brooks Robinson,19,38,577,19,2650,9904,1182,2683,1903,456,63,261,1309.0,780,27.0,20.0,817,901.0,4048,271.0,47.0,91.0,110.0,119.0,80.0,4.2,10.3,0.271,0.353,0.409,0.762,12,10,0,0,1,1,5,3,1,14,1,hof
Buddy Bell,20,37,556,18,2405,8995,1151,2514,1832,425,56,201,1106.0,682,55.0,79.0,836,776.0,3654,255.0,38.0,60.0,80.0,84.0,66.4,3.7,1.4,0.279,0.372,0.406,0.778,5,6,1,0,0,0,5,11,1,6,0,retired
Buster Posey,22,34,467,12,1371,4970,663,1500,1040,293,9,158,729.0,460,23.0,9.0,540,721.0,2285,163.0,43.0,1.0,53.0,67.0,45.2,3.8,7.4,0.302,0.411,0.46,0.871,5,1,5,0,1,0,2,5,4,2,1,retired
Cal Ripken Jr.,21,39,649,19,2850,11035,1603,3065,2017,587,44,417,1627.0,1048,36.0,37.0,1102,1234.0,4991,331.0,64.0,8.0,118.0,106.0,97.2,5.1,6.0,0.278,0.377,0.452,0.829,0,2,8,0,2,0,6,10,6,1,2,hof
Carl Crawford,20,33,506,14,1686,6574,990,1916,1351,307,122,136,760.0,565,480.0,108.0,373,1056.0,2875,76.0,46.0,34.0,47.0,24.0,40.3,2.9,3.8,0.291,0.35,0.437,0.787,4,1,1,0,0,0,7,10,1,3,0,retired
Carl Yastrzemski,22,42,615,21,3041,11025,1707,3163,2088,591,53,431,1708.0,1075,162.0,111.0,1741,1268.0,5153,291.0,35.0,11.0,99.0,176.0,96.8,4.6,2.6,0.287,0.443,0.467,0.91,13,7,0,0,1,0,7,7,0,13,1,hof
Carlos Beltrán,21,40,552,20,2586,9768,1582,2725,1647,565,78,435,1587.0,1078,312.0,49.0,1084,1795.0,4751,203.0,51.0,18.0,110.0,104.0,70.2,3.5,2.5,0.279,0.389,0.486,0.875,0,3,2,0,0,0,8,17,2,1,0,retired
Carlos Delgado,21,37,509,17,2035,7283,1241,2038,1064,483,18,473,1512.0,974,14.0,8.0,1109,1745.0,3976,152.0,172.0,0.0,93.0,186.0,44.4,2.6,2.1,0.28,0.44,0.546,0.986,2,0,3,0,0,0,3,14,3,0,0,retired
Carlos Lee,23,36,626,13,1942,7378,1058,2124,1332,440,18,334,1274.0,792,122.0,44.0,618,925.0,3602,186.0,44.0,3.0,94.0,59.0,30.7,2.4,5.6,0.288,0.371,0.488,0.859,3,0,2,0,0,0,7,10,2,1,0,retired
Carlton Fisk,23,44,443,21,2347,8241,1232,2245,1427,410,47,361,1263.0,818,126.0,53.0,825,1281.0,3832,194.0,136.0,25.0,72.0,103.0,71.10000000000001,3.4,7.2,0.272,0.379,0.465,0.844,10,1,3,0,0,0,2,10,3,8,0,hof
Carney Lansford,21,35,527,15,1862,7158,1007,2074,1551,332,40,151,874.0,523,224.0,104.0,553,719.0,2939,166.0,64.0,53.0,77.0,45.0,40.5,2.7,3.3,0.29,0.369,0.411,0.78,1,0,1,0,0,0,5,13,1,1,0,retired
Cecil Cooper,21,37,467,17,1896,7349,1012,2192,1489,415,47,241,1125.0,703,89.0,49.0,448,911.0,3424,150.0,17.0,46.0,79.0,79.0,35.9,2.1,-0.1,0.298,0.357,0.466,0.823,5,2,3,0,0,0,3,11,3,3,0,retired
Chase Utley,24,39,491,16,1937,6857,1103,1885,1157,411,58,259,1025.0,728,154.0,22.0,724,1193.0,3189,93.0,204.0,6.0,72.0,62.0,64.6,4.0,1.9,0.275,0.394,0.465,0.859,5,0,4,0,0,0,4,11,4,1,0,retired
Chet Lemon,20,35,492,16,1988,6868,973,1875,1203,396,61,215,884.0,672,58.0,76.0,749,1024.0,3038,174.0,151.0,50.0,54.0,46.0,55.800000000000004,3.5,4.6,0.273,0.392,0.442,0.834,3,0,0,0,0,0,8,13,0,3,0,retired
Chili Davis,21,39,526,19,2435,8673,1240,2380,1576,424,30,350,1372.0,804,142.0,98.0,1194,1698.0,3914,232.0,15.0,20.0,94.0,188.0,38.5,2.0,3.6,0.274,0.409,0.451,0.86,3,0,0,0,0,0,10,16,0,3,0,retired
Chipper Jones,21,40,559,19,2499,8984,1619,2726,1671,549,38,468,1623.0,1055,150.0,46.0,1512,1409.0,4755,253.0,18.0,3.0,97.0,177.0,85.3,4.5,7.7,0.303,0.468,0.529,0.997,7,9,3,0,1,0,5,6,2,10,1,hof
Chris Speier,21,39,429,19,2260,7156,770,1759,1295,302,50,112,720.0,464,42.0,54.0,847,988.0,2497,183.0,35.0,73.0,44.0,106.0,30.699999999999996,1.6,3.6,0.246,0.365,0.349,0.714,2,0,0,0,0,0,6,17,0,2,0,retired
Chuck Knoblauch,22,33,616,12,1632,6366,1132,1839,1355,322,64,98,615.0,484,407.0,117.0,804,730.0,2583,116.0,139.0,20.0,56.0,22.0,44.8,3.7,0.4,0.289,0.424,0.406,0.83,4,1,2,0,0,0,4,7,2,3,0,retired
Craig Biggio,22,40,629,19,2709,10359,1776,2930,1960,637,52,281,1125.0,970,410.0,121.0,1137,1641.0,4514,145.0,282.0,94.0,76.0,68.0,67.6,3.6,3.7,0.283,0.406,0.436,0.842,7,4,5,0,0,0,4,11,5,3,0,hof
Curt Flood,23,33,582,10,1369,5327,738,1603,1279,227,38,59,530.0,324,84.0,57.0,362,463.0,2083,82.0,44.0,64.0,27.0,14.0,38.8,3.9,7.5,0.301,0.372,0.391,0.763,3,7,0,0,0,0,8,3,0,7,0,retired
Curtis Granderson,23,38,519,16,2057,7236,1217,1800,1015,346,95,344,937.0,785,153.0,50.0,924,1916.0,3368,64.0,67.0,30.0,49.0,31.0,47.5,3.0,2.0,0.249,0.38,0.465,0.845,3,0,1,0,0,0,8,13,1,2,0,retired
César Cedeño,19,35,478,17,2006,7310,1084,2087,1392,436,60,199,976.0,695,550.0,179.0,664,938.0,3240,167.0,56.0,32.0,71.0,83.0,53.300000000000004,3.1,2.0,0.285,0.377,0.443,0.82,4,5,0,0,0,0,8,12,0,5,0,retired
Dale Murphy,20,37,502,18,2180,7960,1197,2111,1324,350,39,398,1266.0,787,161.0,68.0,986,1748.0,3733,209.0,28.0,6.0,60.0,159.0,46.39999999999999,2.6,-0.8,0.265,0.388,0.469,0.857,7,5,4,0,2,0,8,11,2,3,2,retired
Darin Erstad,22,35,473,14,1654,6024,913,1697,1224,316,33,124,699.0,473,179.0,58.0,475,939.0,2451,87.0,37.0,36.0,43.0,46.0,32.2,2.3,-0.3,0.282,0.362,0.407,0.769,2,3,1,0,0,0,8,10,1,3,0,retired
Darrell Evans,22,41,521,20,2580,8697,1313,2166,1405,323,35,403,1315.0,761,98.0,67.0,1564,1364.0,3768,132.0,35.0,34.0,84.0,135.0,60.4,3.0,9.1,0.249,0.427,0.433,0.86,2,0,0,0,0,0,5,18,0,2,0,retired
Darrell Porter,19,35,386,17,1782,5539,765,1369,896,237,48,188,826.0,473,39.0,37.0,905,1025.0,2266,102.0,45.0,18.0,63.0,106.0,40.9,2.4,3.4,0.247,0.411,0.409,0.82,3,0,0,0,0,1,2,13,1,3,0,retired
Darryl Strawberry,21,37,372,17,1583,5418,898,1401,772,256,38,335,1000.0,629,221.0,99.0,816,1352.0,2738,64.0,38.0,1.0,53.0,131.0,42.0,2.5,1.8,0.259,0.409,0.505,0.914,6,0,2,0,0,0,9,11,2,4,0,retired
Dave Concepción,22,40,502,18,2334,8192,947,2196,1689,363,47,97,892.0,507,299.0,103.0,684,1114.0,2944,257.0,21.0,66.0,77.0,88.0,41.4,2.3,1.3,0.268,0.35,0.359,0.709,0,5,2,0,0,0,6,11,2,5,0,retired
Dave Parker,22,39,529,17,2181,8267,1148,2443,1596,472,73,302,1337.0,847,144.0,107.0,606,1335.0,3967,186.0,45.0,1.0,77.0,154.0,42.5,2.5,1.6,0.296,0.369,0.48,0.849,6,3,3,0,1,0,9,9,3,4,1,hof
Dave Winfield,21,42,582,21,2927,10888,1658,3088,2002,535,88,463,1829.0,1086,222.0,96.0,1202,1660.0,5188,314.0,24.0,19.0,95.0,170.0,64.99999999999999,3.1,4.4,0.284,0.392,0.476,0.868,12,7,6,0,0,0,9,8,6,7,0,hof
Davey Lopes,27,42,459,16,1812,6354,1023,1671,1234,232,50,155,614.0,437,557.0,114.0,833,852.0,2468,126.0,31.0,74.0,48.0,38.0,42.400000000000006,2.7,4.6,0.263,0.394,0.388,0.782,4,1,0,0,0,0,4,12,0,4,0,retired
David Justice,23,36,472,14,1610,5625,929,1571,962,280,24,305,1017.0,609,53.0,46.0,903,999.0,2814,101.0,18.0,1.0,54.0,85.0,40.50000000000001,2.9,7.2,0.279,0.437,0.5,0.937,2,0,2,0,0,0,9,11,2,1,0,retired
David Ortiz,21,40,530,19,2398,8620,1418,2472,1280,632,19,541,1768.0,1192,17.0,9.0,1314,1738.0,4765,234.0,38.0,2.0,92.0,209.0,55.699999999999996,2.9,10.7,0.287,0.437,0.553,0.99,9,0,7,0,0,1,10,10,7,2,0,hof
David Wright,21,35,491,14,1585,5998,949,1777,1119,390,26,242,970.0,658,196.0,65.0,762,1292.0,2945,152.0,45.0,0.0,65.0,73.0,49.400000000000006,3.5,0.6,0.296,0.423,0.491,0.914,7,2,2,0,0,0,5,7,2,5,0,retired
Delino DeShields,21,33,428,19,2062,7026,1099,1868,1376,313,85,94,659.0,492,526.0,168.0,912,1424.0,2633,100.0,33.0,104.0,49.0,25.0,31.1,1.6,1.5,0.266,0.396,0.375,0.771,0,0,0,0,0,0,4,19,0,0,0,retired
Derek Jeter,22,38,697,17,2570,10503,1863,3292,2453,520,64,255,1247.0,839,348.0,95.0,1036,1732.0,4705,269.0,163.0,89.0,53.0,38.0,73.3,4.3,5.3,0.313,0.419,0.448,0.867,12,5,5,0,0,1,6,4,6,7,0,hof
Derrek Lee,21,35,531,15,1942,6962,1081,1959,1166,432,30,331,1078.0,793,104.0,48.0,874,1622.0,3444,199.0,70.0,2.0,55.0,72.0,34.5,2.3,7.7,0.281,0.41,0.495,0.905,2,3,1,0,0,0,3,12,1,2,0,retired
Devon White,22,38,475,17,1941,7344,1125,1934,1277,378,71,208,846.0,657,346.0,98.0,541,1526.0,3078,98.0,87.0,61.0,47.0,32.0,47.4,2.8,1.4,0.263,0.343,0.419,0.762,3,7,0,0,0,0,8,9,0,8,0,retired
Dick Allen,21,35,488,14,1630,5916,1045,1751,1037,299,76,339,1057.0,714,122.0,50.0,836,1447.0,3219,145.0,14.0,18.0,49.0,134.0,59.1,4.2,4.7,0.296,0.435,0.544,0.979,6,0,0,0,1,0,3,8,0,5,1,hof
Dick McAuliffe,21,35,476,15,1755,6158,886,1523,1025,231,70,197,695.0,498,63.0,59.0,880,968.0,2485,76.0,33.0,32.0,30.0,59.0,37.599999999999994,2.5,2.6,0.247,0.392,0.404,0.796,3,0,0,0,0,0,4,12,0,3,0,retired
Don Baylor,21,39,501,18,2202,7858,1197,2050,1337,354,26,333,1225.0,713,279.0,114.0,781,1037.0,3455,187.0,256.0,16.0,110.0,87.0,29.999999999999996,1.7,1.7,0.261,0.375,0.44,0.815,1,0,3,0,1,0,10,14,3,0,1,retired
Don Buford,26,35,535,10,1286,4553,718,1203,909,157,44,93,418.0,294,200.0,105.0,672,575.0,1727,34.0,41.0,47.0,34.0,57.0,36.099999999999994,3.6,9.6,0.264,0.414,0.379,0.793,1,0,0,0,0,0,7,9,0,1,0,retired
Don Mattingly,21,34,552,14,1785,7003,1007,2153,1469,442,20,222,1099.0,684,14.0,9.0,588,444.0,3301,191.0,21.0,13.0,96.0,136.0,42.400000000000006,3.0,4.8,0.307,0.388,0.471,0.859,6,9,3,0,1,0,3,4,2,7,1,retired
Don Money,21,36,437,16,1720,6215,798,1623,1109,302,36,176,729.0,514,80.0,51.0,600,866.0,2525,121.0,40.0,90.0,53.0,45.0,36.5,2.3,1.5,0.261,0.359,0.406,0.765,2,0,0,0,0,0,5,14,0,2,0,retired
Doug DeCinces,22,36,436,15,1649,5809,778,1505,927,312,29,237,879.0,578,58.0,48.0,618,904.0,2586,176.0,21.0,22.0,64.0,57.0,41.89999999999999,2.8,5.7,0.259,0.364,0.445,0.809,1,0,1,0,0,0,5,13,1,1,0,retired
Duke Snider,21,36,497,16,2012,6911,1237,2061,1226,348,84,403,1311.0,835,97.0,72.0,946,1173.0,3786,164.0,20.0,50.0,32.0,150.0,66.9,4.2,4.8,0.298,0.435,0.548,0.983,1,0,0,0,0,0,8,15,0,1,0,hof
Dustin Pedroia,22,35,484,14,1512,6031,922,1805,1256,394,15,140,725.0,549,138.0,46.0,624,654.0,2649,154.0,38.0,25.0,59.0,25.0,51.99999999999999,3.7,1.9,0.299,0.403,0.439,0.842,2,4,1,0,1,0,4,10,0,3,1,retired
Dusty Baker,19,37,422,19,2039,7117,964,1981,1396,320,23,242,1013.0,585,137.0,73.0,762,926.0,3073,158.0,30.0,27.0,85.0,52.0,37.1,2.0,3.6,0.278,0.383,0.432,0.815,2,1,2,0,0,0,7,16,2,1,0,retired
Dwayne Murphy,23,34,437,12,1360,4347,648,1069,744,139,20,166,609.0,325,100.0,61.0,747,953.0,1746,92.0,19.0,84.0,45.0,39.0,33.3,2.8,2.9,0.246,0.416,0.402,0.818,0,6,0,0,0,0,8,6,0,6,0,retired
Dwight Evans,20,39,528,20,2606,8996,1470,2446,1505,483,73,385,1384.0,941,78.0,59.0,1391,1697.0,4230,227.0,53.0,52.0,77.0,60.0,67.2,3.4,4.5,0.272,0.426,0.47,0.896,3,7,2,0,0,0,9,12,2,6,0,retired
Eddie Mathews,20,36,594,17,2391,8537,1509,2315,1377,354,72,512,1453.0,938,68.0,39.0,1444,1487.0,4349,123.0,26.0,36.0,58.0,142.0,96.2,5.7,4.7,0.271,0.439,0.509,0.948,0,0,0,0,0,0,5,17,0,0,0,hof
Eddie Murray,21,39,640,18,2711,10170,1488,2961,1955,511,33,462,1744.0,1006,97.0,39.0,1226,1350.0,4924,278.0,18.0,2.0,112.0,210.0,70.0,3.9,5.1,0.291,0.408,0.484,0.892,6,3,3,0,0,0,3,11,3,4,0,hof
Edgar Martínez,24,40,505,16,1900,6695,1174,2110,1311,487,15,297,1193.0,799,48.0,30.0,1221,1088.0,3518,175.0,87.0,9.0,73.0,103.0,69.0,4.3,10.7,0.315,0.499,0.525,1.024,0,0,5,0,0,0,10,11,5,0,0,hof
Edwin Encarnación,22,37,508,16,1960,7040,1099,1832,1028,370,10,424,1261.0,804,61.0,14.0,903,1426.0,3494,185.0,105.0,0.0,66.0,54.0,35.199999999999996,2.2,4.4,0.26,0.394,0.496,0.89,0,0,0,0,0,0,10,16,0,0,0,retired
Ellis Burks,22,39,454,18,2000,7232,1253,2107,1290,402,63,352,1206.0,817,181.0,84.0,793,1340.0,3691,171.0,60.0,29.0,62.0,33.0,49.699999999999996,2.8,4.4,0.291,0.403,0.51,0.913,1,1,2,0,0,0,8,16,2,0,0,retired
Elvis Andrus,20,34,574,15,2059,7772,1058,2091,1558,380,51,102,775.0,533,347.0,115.0,611,1206.0,2879,197.0,57.0,104.0,58.0,8.0,34.800000000000004,2.3,4.4,0.269,0.35,0.37,0.72,2,0,0,0,0,0,6,13,0,2,0,retired
Eric Chávez,20,36,366,17,1615,5518,816,1477,875,318,24,260,902.0,602,50.0,17.0,639,1079.0,2623,132.0,15.0,0.0,55.0,77.0,38.5,2.3,3.0,0.268,0.381,0.475,0.856,0,0,0,0,0,0,5,17,0,0,0,retired
Eric Davis,22,39,362,17,1626,5321,938,1430,883,239,26,282,934.0,547,349.0,66.0,740,1398.0,2567,112.0,33.0,3.0,50.0,59.0,36.300000000000004,2.1,1.2,0.269,0.408,0.482,0.89,2,3,2,0,0,0,8,14,2,1,0,retired
Ernie Banks,22,37,589,16,2262,8551,1216,2368,1428,380,86,474,1480.0,940,50.0,53.0,695,1088.0,4342,208.0,62.0,33.0,86.0,191.0,69.4,4.3,6.2,0.277,0.359,0.508,0.867,2,1,0,0,2,0,6,11,0,3,2,hof
Evan Longoria,22,37,513,16,1986,7306,1017,1930,1131,431,26,342,1159.0,799,58.0,19.0,730,1696.0,3439,206.0,72.0,1.0,97.0,87.0,59.0,3.7,2.8,0.264,0.365,0.471,0.836,2,3,1,0,0,0,5,12,1,3,0,retired
Felipe Alou,26,39,519,13,1694,6260,849,1826,1298,307,42,179,728.0,528,88.0,58.0,360,563.0,2754,113.0,54.0,28.0,44.0,57.0,40.0,3.1,2.4,0.292,0.352,0.44,0.792,1,0,0,0,0,0,9,12,0,1,0,retired
Frank Howard,24,36,524,13,1761,5990,805,1644,1026,229,32,357,1034.0,618,8.0,8.0,747,1332.0,3008,210.0,30.0,5.0,41.0,134.0,35.7,2.7,2.9,0.274,0.399,0.502,0.901,4,0,0,0,0,0,7,9,0,4,0,retired
Frank Robinson,20,40,559,21,2808,10006,1829,2943,1757,528,72,586,1812.0,1186,204.0,77.0,1420,1532.0,5373,270.0,198.0,17.0,102.0,218.0,107.4,5.1,4.3,0.294,0.443,0.537,0.98,6,7,0,0,2,1,9,11,0,8,2,hof
Frank Thomas,22,40,530,19,2322,8199,1494,2468,1440,495,12,521,1704.0,1028,32.0,23.0,1667,1397.0,4550,226.0,87.0,0.0,121.0,168.0,73.9,3.9,5.6,0.301,0.502,0.555,1.057,3,0,4,0,2,0,10,14,2,1,2,hof
Frank White,22,39,470,18,2324,7859,912,2006,1381,407,58,160,886.0,625,178.0,83.0,412,1035.0,3009,156.0,30.0,101.0,65.0,27.0,35.1,2.0,2.1,0.255,0.308,0.383,0.691,5,8,1,0,0,0,4,10,1,7,0,retired
Fred Lynn,22,38,466,17,1969,6925,1063,1960,1223,388,43,306,1111.0,737,72.0,54.0,857,1116.0,3352,149.0,30.0,25.0,86.0,77.0,50.2,3.0,2.5,0.283,0.404,0.484,0.888,9,4,0,0,1,0,8,8,0,8,1,retired
Fred McGriff,23,39,593,17,2430,8680,1341,2476,1523,438,24,491,1543.0,953,72.0,38.0,1296,1861.0,4435,225.0,39.0,2.0,71.0,169.0,53.4,3.1,6.2,0.285,0.434,0.511,0.945,5,0,2,0,0,0,3,11,2,4,0,hof
Garry Maddox,22,36,452,15,1749,6331,777,1802,1286,337,62,117,754.0,516,248.0,92.0,323,781.0,2614,99.0,36.0,25.0,60.0,60.0,36.699999999999996,2.4,0.8,0.285,0.336,0.413,0.749,0,7,0,0,0,0,8,8,0,7,0,retired
Gary Carter,20,38,492,18,2246,7818,1011,2064,1348,363,31,322,1210.0,716,39.0,42.0,836,982.0,3455,175.0,68.0,33.0,98.0,106.0,70.3,3.9,3.1,0.264,0.372,0.442,0.814,10,3,5,0,0,0,2,7,5,6,0,hof
Gary Gaetti,22,41,491,20,2507,8951,1130,2280,1438,443,39,360,1341.0,842,96.0,65.0,634,1602.0,3881,236.0,96.0,32.0,104.0,57.0,42.2,2.1,1.7,0.255,0.329,0.434,0.763,2,4,1,0,0,0,5,15,1,4,0,retired
Gary Matthews,21,36,457,28,3314,11250,1695,3067,2101,544,80,342,1462.0,966,278.0,110.0,1394,1974.0,4797,251.0,39.0,32.0,91.0,72.0,44.5,1.6,-1.7,0.273,0.395,0.426,0.821,2,0,0,0,0,0,7,26,0,2,0,retired
Gary Sheffield,19,40,512,21,2526,9042,1611,2655,1668,455,25,507,1654.0,987,248.0,99.0,1456,1156.0,4681,232.0,132.0,8.0,106.0,129.0,61.800000000000004,2.9,3.1,0.294,0.457,0.518,0.975,9,0,5,0,0,0,9,12,5,4,0,retired
Gene Tenace,22,36,368,15,1555,4390,653,1060,660,179,20,201,674.0,400,36.0,42.0,984,998.0,1882,77.0,91.0,21.0,39.0,58.0,46.9,3.1,3.6,0.241,0.472,0.429,0.901,1,0,0,0,0,1,2,13,1,1,0,retired
George Brett,21,39,577,19,2549,9749,1512,3000,1936,632,134,298,1521.0,1064,194.0,92.0,1057,836.0,4794,215.0,30.0,25.0,110.0,220.0,89.0,4.7,5.0,0.308,0.413,0.492,0.905,10,1,3,0,1,0,5,8,2,8,1,hof
George Foster,20,37,434,18,1977,7023,986,1925,1223,307,47,348,1239.0,702,51.0,31.0,666,1419.0,3370,196.0,52.0,3.0,68.0,106.0,44.2,2.5,4.2,0.274,0.37,0.48,0.85,5,0,1,0,1,0,7,13,1,3,1,retired
George Hendrick,21,38,442,17,1963,6832,913,1916,1299,327,27,263,1080.0,617,58.0,47.0,545,963.0,3086,196.0,22.0,21.0,82.0,75.0,31.0,1.8,0.1,0.28,0.358,0.452,0.81,3,0,2,0,0,0,8,13,2,2,0,retired
George Scott,22,35,606,13,1910,7083,934,1932,1312,292,60,268,1026.0,620,66.0,52.0,673,1330.0,3148,264.0,48.0,21.0,57.0,82.0,39.400000000000006,3.0,2.1,0.273,0.369,0.444,0.813,3,7,0,0,0,0,3,4,0,9,0,retired
Gil Hodges,25,39,517,14,1799,6255,1023,1737,1075,270,42,350,1166.0,662,52.0,37.0,861,1012.0,3141,146.0,25.0,50.0,46.0,94.0,44.99999999999999,3.2,0.8,0.278,0.415,0.502,0.917,0,4,0,0,0,0,3,11,0,3,0,hof
Graig Nettles,23,43,487,21,2697,8983,1193,2224,1479,327,28,390,1314.0,745,32.0,36.0,1088,1209.0,3777,197.0,50.0,12.0,90.0,94.0,67.99999999999999,3.2,-0.6,0.248,0.369,0.42,0.789,6,2,0,0,0,0,5,15,0,6,0,retired
Greg Vaughn,23,37,471,15,1731,6103,1017,1475,813,284,23,355,1072.0,662,121.0,59.0,865,1513.0,2870,101.0,37.0,11.0,54.0,54.0,31.100000000000005,2.1,2.1,0.242,0.384,0.47,0.854,2,0,1,0,0,0,7,13,1,1,0,retired
Hanley Ramírez,21,35,475,15,1668,6349,1049,1834,1156,375,32,271,917.0,678,281.0,93.0,660,1234.0,3086,137.0,71.0,11.0,36.0,65.0,38.1,2.5,-0.5,0.289,0.397,0.486,0.883,0,0,2,0,0,0,6,13,2,0,0,retired
Harmon Killebrew,18,37,521,17,2112,7292,1206,1906,1078,267,24,537,1464.0,828,18.0,16.0,1441,1486.0,3832,221.0,46.0,0.0,69.0,150.0,61.800000000000004,3.6,6.4,0.261,0.458,0.526,0.984,9,0,0,0,1,0,3,8,0,8,1,hof
Harold Baines,22,40,535,19,2561,9050,1215,2658,1804,451,43,360,1534.0,854,32.0,30.0,999,1310.0,4275,275.0,13.0,7.0,91.0,173.0,41.1,2.2,5.2,0.294,0.401,0.472,0.873,6,0,0,0,0,0,10,13,0,6,0,hof
Henry Aaron,20,40,623,21,3076,11628,2107,3600,2171,600,96,733,2202.0,1429,240.0,71.0,1297,1294.0,6591,305.0,31.0,20.0,113.0,289.0,142.70000000000002,6.8,10.7,0.31,0.419,0.567,0.986,12,3,0,0,1,0,9,5,0,15,1,hof
Howie Kendrick,22,36,428,15,1621,5950,792,1747,1228,354,38,127,724.0,519,126.0,47.0,349,1102.0,2558,193.0,61.0,24.0,37.0,34.0,35.099999999999994,2.3,2.9,0.294,0.357,0.43,0.787,1,0,0,0,0,0,4,14,0,1,0,retired
Hunter Pence,24,37,500,14,1707,6420,891,1791,1168,324,55,244,942.0,623,120.0,55.0,520,1335.0,2957,151.0,26.0,1.0,39.0,19.0,30.9,2.2,0.1,0.279,0.36,0.461,0.821,2,0,0,0,0,0,9,12,0,2,0,retired
Ian Kinsler,24,37,593,14,1888,7423,1243,1999,1285,416,41,257,909.0,714,243.0,74.0,693,1046.0,3268,161.0,92.0,32.0,59.0,11.0,53.9,3.8,3.1,0.269,0.368,0.44,0.808,4,1,0,0,0,0,4,9,0,5,0,retired
Ichiro Suzuki,27,45,627,16,2349,9296,1351,2939,2385,351,90,113,739.0,554,497.0,111.0,596,987.0,3809,82.0,54.0,44.0,44.0,179.0,61.800000000000004,3.9,2.5,0.316,0.382,0.41,0.792,10,10,3,0,1,0,9,6,2,7,1,hof
Iván Rodríguez,19,39,492,20,2432,9194,1322,2738,1827,554,50,307,1283.0,911,125.0,61.0,497,1408.0,4313,312.0,57.0,29.0,72.0,65.0,69.0,3.4,2.2,0.298,0.353,0.469,0.822,0,13,6,0,1,0,2,7,5,7,1,hof
J.D. Drew,22,35,440,14,1566,5173,944,1437,874,273,48,242,795.0,563,87.0,37.0,862,1137.0,2532,84.0,55.0,19.0,44.0,52.0,44.89999999999999,3.2,6.6,0.278,0.447,0.489,0.936,1,0,0,0,0,0,9,13,0,1,0,retired
J.D. Martinez,23,36,504,13,1556,5856,873,1667,946,373,24,324,1035.0,721,24.0,11.0,591,1632.0,3060,187.0,40.0,0.0,58.0,54.0,31.999999999999996,2.5,3.6,0.285,0.386,0.523,0.909,6,0,3,0,0,0,10,7,2,4,0,retired
Jack Clark,19,36,457,18,1994,6847,1118,1826,1115,332,39,340,1180.0,711,77.0,61.0,1262,1441.0,3256,174.0,24.0,9.0,83.0,127.0,53.0,2.9,6.0,0.267,0.448,0.476,0.924,4,0,2,0,0,0,9,14,2,2,0,retired
Jacoby Ellsbury,23,33,489,11,1235,4846,749,1376,984,241,47,104,512.0,392,343.0,71.0,399,737.0,2023,82.0,46.0,21.0,32.0,19.0,30.900000000000002,2.8,6.0,0.284,0.37,0.417,0.787,1,1,1,0,0,0,8,10,1,0,0,retired
Jason Giambi,24,43,445,20,2260,7267,1227,2010,1156,405,9,440,1441.0,854,20.0,12.0,1366,1572.0,3753,166.0,180.0,2.0,93.0,97.0,50.8,2.5,-1.4,0.277,0.472,0.516,0.988,5,0,2,0,1,0,3,15,2,2,1,retired
Jason Kendall,22,36,580,15,2085,7627,1030,2195,1691,394,35,75,744.0,504,189.0,89.0,721,686.0,2884,176.0,254.0,36.0,63.0,51.0,41.699999999999996,2.8,3.5,0.288,0.399,0.378,0.777,3,0,0,0,0,0,2,12,0,3,0,retired
Jay Bell,20,36,493,17,1991,7282,1112,1942,1287,393,67,195,857.0,655,91.0,60.0,831,1405.0,3054,161.0,55.0,158.0,57.0,24.0,38.2,2.2,0.9,0.267,0.382,0.419,0.801,2,1,1,0,0,0,6,15,1,1,0,retired
Jayson Werth,23,38,428,14,1495,5153,832,1392,870,284,21,217,757.0,522,132.0,22.0,726,1366.0,2369,91.0,61.0,4.0,44.0,32.0,30.7,2.2,3.8,0.27,0.414,0.46,0.874,1,0,0,0,0,0,9,13,0,1,0,retired
Jeff Bagwell,23,37,629,15,2150,7797,1517,2314,1345,488,32,449,1529.0,969,202.0,78.0,1401,1558.0,4213,221.0,128.0,3.0,102.0,155.0,79.79999999999998,5.3,8.1,0.297,0.479,0.54,1.019,4,1,3,0,1,0,3,11,2,1,1,hof
Jeff Cirillo,24,37,449,13,1530,5138,776,1545,1082,332,21,110,704.0,463,62.0,36.0,539,662.0,2249,147.0,62.0,47.0,57.0,17.0,35.8,2.8,3.8,0.301,0.408,0.438,0.846,2,0,0,0,0,0,5,11,0,2,0,retired
Jeff Kent,24,40,561,17,2298,8498,1320,2461,1477,560,47,377,1518.0,984,94.0,60.0,801,1522.0,4246,224.0,125.0,10.0,103.0,61.0,55.50000000000001,3.3,3.0,0.29,0.388,0.5,0.888,5,0,4,0,1,0,4,11,3,2,1,retired
Jesse Barfield,21,31,481,11,1398,4664,707,1206,723,214,30,239,709.0,483,65.0,46.0,542,1207.0,2197,95.0,34.0,16.0,33.0,47.0,40.800000000000004,3.7,11.5,0.259,0.377,0.471,0.848,1,2,1,0,0,0,9,9,1,1,0,retired
Jhonny Peralta,21,35,488,15,1798,6599,841,1761,1159,376,24,202,873.0,602,17.0,27.0,606,1450.0,2791,200.0,38.0,13.0,63.0,24.0,30.3,2.0,0.4,0.267,0.359,0.423,0.782,3,0,0,0,0,0,6,12,0,3,0,retired
Jim Edmonds,23,40,469,17,2011,6858,1251,1949,1094,437,25,393,1199.0,855,67.0,50.0,998,1729.0,3615,122.0,49.0,10.0,65.0,91.0,60.7,3.6,2.2,0.284,0.43,0.527,0.957,4,8,1,0,0,0,8,8,1,8,0,retired
Jim Fregosi,19,36,411,18,1902,6523,844,1726,1233,264,78,151,706.0,493,76.0,40.0,715,1097.0,2599,125.0,32.0,79.0,53.0,48.0,49.00000000000001,2.7,0.9,0.265,0.374,0.398,0.772,6,1,0,0,0,0,6,12,0,6,0,retired
Jim Kaat,22,38,82,14,582,1050,100,203,145,38,5,15,93.0,58,4.0,1.0,57,307.0,296,11.0,5.0,28.0,7.0,1.0,5.5,0.4,0.2,0.193,0.25,0.282,0.532,1,12,0,0,0,0,1,2,0,12,0,hof
Jim Rice,21,35,589,15,2033,8016,1227,2403,1584,363,77,379,1423.0,819,57.0,34.0,657,1384.0,4057,311.0,63.0,5.0,89.0,77.0,48.50000000000001,3.2,6.3,0.3,0.382,0.506,0.888,7,0,2,0,1,0,7,8,2,4,1,hof
Jim Sundberg,23,38,431,16,1962,6021,621,1493,1119,243,36,95,624.0,374,20.0,37.0,699,963.0,2093,159.0,22.0,118.0,38.0,31.0,40.6,2.5,1.7,0.248,0.364,0.348,0.712,2,6,0,0,0,0,2,9,0,7,0,retired
Jim Thome,22,41,504,20,2476,8207,1568,2279,1203,444,23,609,1678.0,1076,16.0,19.0,1732,2498.0,4596,158.0,66.0,1.0,72.0,170.0,73.60000000000001,3.7,5.6,0.278,0.489,0.56,1.049,5,0,1,0,0,0,3,14,1,5,0,hof
Jim Wynn,21,35,534,15,1920,6653,1105,1665,1050,285,39,291,964.0,615,225.0,101.0,1224,1427.0,2901,117.0,27.0,32.0,74.0,84.0,55.800000000000004,3.7,6.5,0.25,0.432,0.436,0.868,3,0,0,0,0,0,8,12,0,3,0,retired
Jimmy Rollins,21,37,602,17,2275,9294,1421,2455,1598,511,115,231,936.0,857,470.0,105.0,813,1264.0,3889,136.0,38.0,42.0,53.0,52.0,48.00000000000001,2.8,4.5,0.264,0.352,0.418,0.77,3,4,1,0,1,0,6,10,0,6,1,retired
Joe Mauer,21,35,531,15,1858,6930,1018,2123,1522,428,30,143,923.0,601,52.0,19.0,939,1034.0,3040,208.0,25.0,6.0,60.0,145.0,55.599999999999994,3.7,7.8,0.306,0.44,0.439,0.879,6,3,5,0,1,0,2,9,4,1,1,hof
Joe Morgan,19,40,537,21,2639,9240,1646,2510,1697,449,96,268,1133.0,813,689.0,161.0,1859,1008.0,3955,105.0,40.0,51.0,96.0,76.0,100.79999999999998,4.8,9.9,0.272,0.47,0.428,0.898,9,5,1,0,2,0,4,11,1,7,2,hof
Joe Torre,20,36,518,17,2207,7872,996,2341,1686,344,59,252,1185.0,655,23.0,29.0,779,1093.0,3559,284.0,85.0,13.0,50.0,127.0,57.7,3.4,1.9,0.297,0.4,0.452,0.852,8,1,0,0,1,0,2,9,0,7,1,retired
Joey Votto,23,39,514,17,2056,7252,1171,2135,1298,459,22,356,1144.0,837,80.0,29.0,1365,1640.0,3706,168.0,81.0,0.0,48.0,147.0,63.699999999999996,3.7,3.0,0.294,0.485,0.511,0.996,6,1,0,0,1,0,3,11,0,5,1,retired
John Olerud,20,36,533,17,2234,7592,1139,2239,1471,500,13,255,1230.0,768,11.0,14.0,1275,1016.0,3530,232.0,88.0,12.0,96.0,157.0,58.3,3.4,4.4,0.295,0.463,0.465,0.928,2,3,0,0,0,0,3,12,0,5,0,retired
John Valentin,25,35,410,11,1105,3917,614,1093,671,281,17,124,558.0,422,47.0,31.0,463,524.0,1780,91.0,53.0,36.0,42.0,15.0,32.7,3.0,0.3,0.279,0.401,0.454,0.855,0,0,1,0,0,0,6,10,1,0,0,retired
Johnny Bench,20,35,536,16,2132,7572,1084,2034,1245,378,23,388,1370.0,789,68.0,42.0,886,1259.0,3622,197.0,19.0,10.0,89.0,135.0,75.8,4.7,2.3,0.269,0.383,0.478,0.861,12,10,0,0,2,1,2,4,1,9,2,hof
Johnny Callison,22,33,585,11,1572,5770,831,1560,988,287,81,204,738.0,572,70.0,44.0,546,881.0,2621,79.0,38.0,48.0,36.0,63.0,40.2,3.7,4.4,0.27,0.367,0.454,0.821,1,0,0,0,0,0,9,10,0,1,0,retired
Johnny Damon,21,38,606,18,2490,9736,1668,2769,1903,522,109,235,1139.0,866,408.0,103.0,1003,1257.0,4214,93.0,50.0,57.0,71.0,38.0,56.6,3.1,5.8,0.284,0.388,0.433,0.821,2,0,0,0,0,0,8,16,0,2,0,retired
Jorge Posada,24,40,421,17,1829,6092,900,1664,1000,379,10,275,1065.0,664,20.0,21.0,936,1453.0,2888,186.0,74.0,1.0,47.0,78.0,42.699999999999996,2.5,2.5,0.273,0.43,0.474,0.904,5,0,5,0,0,0,2,12,5,0,0,retired
Josh Donaldson,24,37,450,13,1383,5022,816,1310,732,287,12,279,816.0,578,40.0,10.0,725,1221.0,2458,135.0,58.0,5.0,46.0,22.0,46.699999999999996,3.6,5.3,0.261,0.408,0.489,0.897,3,0,2,0,1,0,5,10,1,1,1,retired
José Bautista,23,37,453,15,1742,5672,965,1406,772,292,14,328,925.0,634,68.0,28.0,986,1288.0,2710,158.0,64.0,22.0,54.0,56.0,37.8,2.5,1.5,0.248,0.424,0.478,0.902,5,0,3,0,0,0,9,10,3,2,0,retired
José Canseco,20,36,478,17,1887,7057,1186,1877,1061,340,14,462,1407.0,816,200.0,88.0,906,1942.0,3631,178.0,84.0,1.0,81.0,63.0,42.5,2.5,4.6,0.266,0.397,0.515,0.912,2,0,4,0,1,0,10,13,3,0,1,retired
José Cruz,22,40,464,31,3741,12641,1749,3418,2276,643,130,369,1701.0,1142,430.0,175.0,1556,2178.0,5428,193.0,12.0,50.0,120.0,180.0,74.20000000000002,2.4,1.0,0.27,0.39,0.429,0.819,1,1,2,0,0,0,7,27,2,2,0,retired
José Reyes,20,35,485,16,1881,7557,1180,2139,1476,387,131,145,721.0,663,517.0,127.0,589,917.0,3223,82.0,11.0,50.0,38.0,56.0,37.199999999999996,2.2,-0.1,0.283,0.36,0.426,0.786,1,0,2,0,0,0,6,14,2,1,0,retired
José Valentín,22,37,395,16,1678,5539,872,1348,756,302,41,249,816.0,592,136.0,56.0,630,1294.0,2479,66.0,29.0,70.0,49.0,54.0,31.699999999999996,2.0,3.3,0.243,0.357,0.448,0.805,0,0,0,0,0,0,6,16,0,0,0,retired
Juan González,19,34,447,16,1688,6555,1061,1936,1089,388,25,434,1404.0,847,26.0,19.0,457,1273.0,3676,184.0,62.0,2.0,78.0,74.0,38.599999999999994,2.4,2.3,0.295,0.367,0.561,0.928,0,0,6,0,2,0,9,10,4,0,2,retired
Julio Franco,23,48,423,23,2527,8677,1285,2586,1952,407,54,173,1194.0,634,281.0,107.0,917,1341.0,3620,312.0,38.0,19.0,80.0,67.0,43.60000000000001,1.9,-0.2,0.298,0.403,0.417,0.82,2,0,5,0,0,0,3,18,5,0,0,retired
Justin Upton,19,34,478,16,1845,6721,1058,1754,1041,350,38,325,1003.0,713,151.0,59.0,785,1971.0,3155,142.0,78.0,3.0,59.0,49.0,32.1,2.0,-1.6,0.261,0.382,0.469,0.851,4,0,2,0,0,0,7,11,2,3,0,retired
Keith Hernandez,20,36,503,17,2088,7370,1124,2182,1534,426,60,162,1071.0,648,98.0,63.0,1070,1012.0,3214,161.0,32.0,10.0,71.0,130.0,60.6,3.6,1.3,0.296,0.439,0.436,0.875,5,10,2,0,1,0,3,7,2,7,1,retired
Ken Caminiti,24,38,475,15,1760,6288,894,1710,1106,348,17,239,983.0,604,88.0,39.0,727,1163.0,2809,152.0,29.0,14.0,67.0,112.0,33.5,2.2,2.0,0.272,0.386,0.447,0.833,3,3,1,0,1,0,5,11,0,3,1,retired
Ken Griffey,23,41,432,18,2003,6986,1103,2081,1498,358,77,148,836.0,583,199.0,80.0,700,867.0,3037,101.0,14.0,31.0,53.0,48.0,35.9,2.0,1.4,0.298,0.396,0.435,0.831,4,1,1,0,0,0,9,14,1,3,0,retired
Ken Griffey Jr.,19,39,552,19,2459,9078,1577,2603,1475,495,38,595,1734.0,1128,183.0,67.0,1236,1645.0,4959,177.0,76.0,8.0,94.0,234.0,85.5,4.5,1.7,0.287,0.423,0.546,0.969,0,10,7,0,1,0,8,9,6,3,1,hof
Ken McMullen,20,35,358,16,1583,5131,568,1273,919,172,26,156,606.0,354,20.0,19.0,510,815.0,1965,134.0,17.0,34.0,38.0,47.0,33.9,2.1,1.0,0.248,0.347,0.383,0.73,0,0,0,0,0,0,5,16,0,0,0,retired
Ken Singleton,23,36,582,14,1971,6826,957,1951,1377,310,24,240,1029.0,574,21.0,36.0,1226,1186.0,3029,228.0,17.0,28.0,58.0,120.0,43.900000000000006,3.1,3.8,0.286,0.463,0.444,0.907,3,0,0,0,0,0,9,11,0,3,0,retired
Kenny Lofton,24,40,543,17,2103,8120,1528,2428,1799,383,116,130,781.0,629,622.0,160.0,945,1016.0,3433,111.0,32.0,72.0,65.0,43.0,68.6,4.0,7.0,0.299,0.414,0.423,0.837,5,4,0,0,0,0,8,11,0,6,0,retired
Kent Hrbek,21,34,510,14,1747,6192,903,1749,1126,312,18,293,1086.0,623,37.0,26.0,838,798.0,2976,165.0,26.0,15.0,66.0,110.0,38.50000000000001,2.8,3.6,0.282,0.416,0.481,0.897,1,0,0,0,0,0,3,13,0,1,0,retired
Kevin Kiermaier,23,34,337,12,1159,3682,499,905,580,170,60,95,378.0,325,132.0,39.0,277,908.0,1480,51.0,41.0,22.0,18.0,12.0,36.39999999999999,3.0,5.9,0.246,0.327,0.402,0.729,0,4,0,0,0,0,8,8,0,4,0,retired
Kevin McReynolds,23,34,503,12,1502,5423,727,1439,909,284,35,211,807.0,530,93.0,32.0,522,707.0,2426,100.0,14.0,14.0,66.0,67.0,29.999999999999996,2.5,2.2,0.265,0.359,0.447,0.806,0,0,0,0,0,0,7,12,0,0,0,retired
Kevin Youkilis,25,34,444,10,1061,3749,653,1053,631,254,18,150,618.0,422,26.0,14.0,539,828.0,1793,74.0,104.0,0.0,44.0,22.0,32.300000000000004,3.2,5.1,0.281,0.435,0.478,0.913,3,1,0,0,0,0,5,6,0,4,0,retired
Kirby Puckett,24,35,653,12,1783,7244,1071,2304,1626,414,57,207,1085.0,678,134.0,76.0,450,965.0,3453,188.0,56.0,23.0,58.0,85.0,51.1,4.3,8.1,0.318,0.382,0.477,0.859,10,6,6,0,0,0,8,2,6,4,0,hof
Kirk Gibson,22,38,392,17,1635,5798,985,1553,984,260,54,255,870.0,569,284.0,78.0,718,1285.0,2686,72.0,61.0,23.0,56.0,72.0,38.5,2.3,3.6,0.268,0.394,0.463,0.857,0,0,1,0,1,0,7,16,0,0,1,retired
Kyle Seager,23,33,564,11,1480,5561,705,1395,830,309,14,242,807.0,565,55.0,27.0,533,1120.0,2458,107.0,63.0,5.0,42.0,35.0,37.1,3.4,6.0,0.251,0.351,0.442,0.793,1,1,0,0,0,0,5,10,0,1,0,retired
Lance Berkman,23,37,521,15,1879,6491,1146,1905,1087,422,30,366,1234.0,818,86.0,48.0,1201,1300.0,3485,147.0,66.0,1.0,54.0,160.0,52.199999999999996,3.5,4.2,0.293,0.48,0.537,1.017,6,0,0,0,0,0,3,9,0,6,0,retired
Lance Johnson,23,36,414,14,1447,5379,767,1565,1239,175,117,34,486.0,326,327.0,105.0,352,384.0,2076,103.0,7.0,35.0,27.0,29.0,30.400000000000002,2.2,0.5,0.291,0.355,0.386,0.741,1,0,0,0,0,0,8,13,0,1,0,retired
Lance Parrish,21,39,410,19,1988,7067,856,1782,1126,305,27,324,1070.0,656,28.0,37.0,612,1527.0,3113,197.0,37.0,23.0,58.0,62.0,39.50000000000001,2.1,0.2,0.252,0.339,0.44,0.779,7,3,6,0,0,0,2,11,6,2,0,retired
Larry Walker,23,38,498,16,1968,6860,1351,2152,1236,471,62,383,1307.0,916,229.0,75.0,908,1218.0,3896,153.0,137.0,4.0,65.0,117.0,72.80000000000001,4.6,9.5,0.314,0.453,0.568,1.021,5,7,3,0,1,0,9,9,2,4,1,hof
Lenny Dykstra,22,33,440,12,1278,4559,802,1298,893,281,43,81,404.0,405,285.0,72.0,640,503.0,1908,39.0,31.0,25.0,27.0,50.0,42.39999999999999,3.5,5.1,0.285,0.426,0.419,0.845,2,0,1,0,0,0,8,9,1,2,0,retired
Lonnie Smith,22,38,350,17,1613,5170,909,1488,1059,273,58,98,533.0,429,370.0,140.0,623,849.0,2171,69.0,92.0,21.0,46.0,19.0,38.699999999999996,2.3,3.4,0.288,0.415,0.42,0.835,1,3,0,0,0,0,7,14,0,3,0,retired
Lorenzo Cain,24,36,366,13,1171,4314,626,1220,884,225,24,87,454.0,336,190.0,44.0,362,854.0,1754,109.0,49.0,0.0,32.0,14.0,38.2,2.9,2.1,0.283,0.371,0.407,0.778,2,1,0,0,0,0,8,10,0,3,0,retired
Lou Brock,23,40,649,16,2379,9534,1509,2823,2086,455,135,147,842.0,737,886.0,278.0,713,1624.0,3989,104.0,47.0,46.0,45.0,120.0,48.3,3.0,4.0,0.296,0.372,0.418,0.79,5,0,0,0,0,0,7,11,0,5,0,hof
Lou Whitaker,20,38,525,19,2390,8570,1386,2369,1640,420,65,244,1084.0,729,143.0,75.0,1197,1099.0,3651,143.0,20.0,89.0,91.0,79.0,75.19999999999999,4.0,8.1,0.276,0.413,0.426,0.839,4,3,4,0,0,0,4,14,4,1,0,retired
Luis Aparicio,22,39,629,17,2474,9739,1279,2563,2021,371,92,79,746.0,542,500.0,132.0,701,699.0,3355,177.0,25.0,152.0,72.0,22.0,56.3,3.3,9.4,0.263,0.334,0.344,0.678,2,9,0,0,0,0,6,7,0,10,0,hof
Luis Gonzalez,22,40,554,19,2591,9157,1412,2591,1573,596,68,354,1439.0,1018,128.0,87.0,1155,1218.0,4385,212.0,111.0,10.0,98.0,150.0,51.8,2.7,0.5,0.283,0.412,0.479,0.891,5,0,1,0,0,0,7,14,1,4,0,retired
Magglio Ordóñez,23,36,528,14,1756,6649,1043,2072,1346,416,21,289,1204.0,726,92.0,49.0,628,811.0,3397,232.0,44.0,3.0,61.0,36.0,40.39999999999999,2.9,4.2,0.312,0.406,0.511,0.917,0,0,3,0,0,0,9,11,3,0,0,retired
Manny Ramírez,21,39,514,19,2302,8244,1544,2574,1452,547,20,555,1831.0,1122,38.0,33.0,1329,1813.0,4826,243.0,109.0,2.0,90.0,216.0,69.50000000000001,3.7,2.8,0.312,0.475,0.585,1.06,0,0,0,0,0,0,7,19,0,0,0,retired
Mark Belanger,21,38,367,18,2016,5784,676,1316,1088,175,33,20,389.0,228,167.0,75.0,576,839.0,1617,83.0,42.0,155.0,45.0,22.0,41.00000000000001,2.3,0.3,0.228,0.329,0.28,0.609,1,8,0,0,0,0,6,10,0,8,0,retired
Mark Ellis,25,37,477,12,1435,5117,690,1343,956,257,25,105,550.0,387,82.0,29.0,438,801.0,1965,89.0,75.0,59.0,39.0,20.0,33.6,2.8,5.2,0.262,0.355,0.384,0.739,0,0,0,0,0,0,4,12,0,0,0,retired
Mark Grace,24,39,581,16,2245,8065,1179,2445,1716,511,45,173,1146.0,729,70.0,48.0,1075,642.0,3565,192.0,34.0,17.0,99.0,114.0,46.3,2.9,2.2,0.303,0.434,0.442,0.876,3,4,0,0,0,0,3,11,0,5,0,retired
Mark McGwire,22,37,479,16,1874,6187,1167,1626,785,252,6,583,1414.0,841,12.0,8.0,1317,1596.0,3639,147.0,75.0,3.0,78.0,150.0,62.300000000000004,3.9,9.7,0.263,0.476,0.588,1.064,9,1,3,0,0,0,3,7,3,6,0,retired
Mark Teixeira,23,35,584,13,1746,6549,1056,1783,979,392,18,394,1254.0,804,24.0,7.0,871,1336.0,3393,151.0,109.0,0.0,62.0,90.0,51.7,4.0,3.8,0.272,0.411,0.518,0.929,3,5,3,0,0,0,3,6,3,4,0,retired
Marquis Grissom,22,37,556,15,1986,7690,1123,2123,1499,365,55,204,892.0,624,421.0,110.0,530,1115.0,3210,150.0,29.0,36.0,59.0,44.0,33.1,2.2,5.2,0.276,0.345,0.417,0.762,2,4,0,0,0,0,8,11,0,4,0,retired
Matt Holliday,24,38,532,15,1903,7009,1157,2096,1280,468,32,316,1220.0,816,108.0,37.0,802,1362.0,3576,220.0,124.0,1.0,45.0,57.0,44.599999999999994,3.0,0.4,0.299,0.421,0.51,0.931,6,0,4,0,0,0,7,9,4,2,0,retired
Matt Williams,21,37,447,17,1866,7000,997,1878,1127,338,35,378,1218.0,751,53.0,35.0,469,1363.0,3420,182.0,55.0,9.0,62.0,86.0,46.8,2.8,1.4,0.268,0.338,0.489,0.827,3,4,4,0,0,0,5,11,4,2,0,retired
Maury Wills,28,38,667,11,1640,6698,949,1902,1662,154,66,20,420.0,240,528.0,192.0,494,592.0,2248,75.0,13.0,103.0,27.0,13.0,38.49999999999999,3.5,8.3,0.284,0.358,0.336,0.694,2,2,0,0,1,0,6,7,0,3,1,retired
Michael Brantley,22,36,416,14,1373,5269,720,1583,1096,339,22,126,698.0,487,115.0,31.0,463,620.0,2344,124.0,37.0,9.0,45.0,37.0,35.20000000000001,2.5,3.5,0.3,0.389,0.445,0.834,4,0,1,0,0,0,7,10,1,3,0,retired
Mickey Mantle,19,36,551,18,2401,8102,1676,2415,1463,344,72,536,1509.0,952,153.0,38.0,1733,1710.0,4511,113.0,13.0,14.0,47.0,148.0,110.50000000000001,6.1,10.2,0.298,0.51,0.557,1.067,3,1,0,0,3,0,8,12,0,3,3,hof
Mickey Rivers,21,35,402,15,1468,5629,785,1660,1281,247,71,61,499.0,379,267.0,90.0,266,471.0,2232,44.0,22.0,75.0,35.0,20.0,32.900000000000006,2.2,0.8,0.295,0.343,0.397,0.74,1,0,0,0,0,0,8,14,0,1,0,retired
Miguel Cabrera,20,40,568,20,2685,9959,1526,3073,1933,617,17,506,1838.0,1140,39.0,21.0,1230,2004.0,5242,353.0,71.0,5.0,98.0,235.0,68.4,3.4,-0.7,0.309,0.432,0.526,0.958,10,0,7,0,2,0,3,9,5,4,2,retired
Miguel Tejada,23,39,575,16,2171,8434,1230,2407,1609,468,23,307,1302.0,798,85.0,38.0,553,1079.0,3842,277.0,122.0,23.0,71.0,73.0,47.2,3.0,1.1,0.285,0.357,0.456,0.813,6,0,2,0,1,0,6,10,2,3,1,retired
Mike Cameron,22,38,464,17,1955,6839,1064,1700,980,383,59,278,968.0,720,297.0,83.0,867,1901.0,3035,114.0,87.0,31.0,60.0,19.0,46.7,2.7,2.9,0.249,0.38,0.444,0.824,1,3,0,0,0,0,8,14,0,3,0,retired
Mike Hargrove,24,35,558,12,1666,5564,783,1614,1240,266,28,80,686.0,374,24.0,37.0,965,550.0,2176,154.0,53.0,44.0,67.0,75.0,30.400000000000002,2.5,3.8,0.29,0.463,0.391,0.854,1,0,0,0,0,0,3,11,0,1,0,retired
Mike Piazza,23,38,484,16,1912,6911,1048,2127,1348,344,8,427,1335.0,779,17.0,20.0,759,1113.0,3768,229.0,30.0,0.0,45.0,146.0,59.699999999999996,3.7,3.2,0.308,0.417,0.545,0.962,11,0,9,0,0,0,2,4,9,3,0,hof
Mike Schmidt,22,38,582,17,2362,8204,1487,2204,1202,401,59,542,1567.0,1002,174.0,91.0,1486,1866.0,4349,150.0,79.0,16.0,105.0,197.0,107.4,6.3,14.1,0.269,0.449,0.53,0.979,10,10,6,0,3,1,5,5,3,6,3,hof
Minnie Miñoso,23,40,541,14,1749,6475,1151,1985,1366,343,91,185,1034.0,619,203.0,123.0,793,525.0,3065,168.0,182.0,64.0,54.0,42.0,55.800000000000004,4.0,5.0,0.307,0.441,0.473,0.914,0,4,0,0,0,0,7,11,0,3,0,hof
Moisés Alou,23,41,465,17,1942,7037,1109,2134,1342,421,39,332,1287.0,792,106.0,37.0,737,894.0,3629,195.0,48.0,9.0,82.0,91.0,40.1,2.4,3.8,0.303,0.407,0.516,0.923,6,0,2,0,0,0,7,11,2,4,0,retired
Nellie Fox,21,37,609,15,2068,8153,1165,2396,1931,332,100,33,709.0,465,69.0,74.0,623,187.0,3027,152.0,131.0,183.0,41.0,26.0,50.0,3.3,2.3,0.294,0.378,0.371,0.749,1,4,0,0,1,0,4,11,0,3,1,hof
Nelson Cruz,24,42,442,19,2055,7501,1090,2053,1202,372,15,464,1325.0,851,84.0,32.0,738,1916.0,3847,179.0,86.0,2.0,60.0,78.0,42.1,2.2,2.2,0.274,0.376,0.513,0.889,6,0,4,0,0,0,9,11,4,4,0,retired
Nick Markakis,22,36,621,15,2154,8302,1119,2388,1663,514,22,189,1046.0,725,66.0,32.0,891,1230.0,3513,214.0,51.0,4.0,73.0,79.0,33.699999999999996,2.2,3.2,0.288,0.395,0.423,0.818,1,3,1,0,0,0,9,12,1,2,0,retired
Nomar Garciaparra,22,35,435,13,1313,5155,888,1625,998,353,52,222,877.0,627,92.0,30.0,372,513.0,2748,123.0,59.0,5.0,59.0,49.0,45.89999999999999,3.5,3.1,0.315,0.39,0.533,0.923,5,0,1,0,0,0,6,8,1,4,0,retired
Norm Cash,27,40,525,14,1897,6240,963,1692,1075,225,37,355,1025.0,617,38.0,27.0,960,1023.0,3056,139.0,79.0,16.0,49.0,108.0,48.800000000000004,3.5,3.7,0.271,0.429,0.49,0.919,3,0,0,0,0,0,3,11,0,3,0,retired
Omar Vizquel,22,45,501,24,2968,10586,1445,2877,2264,456,77,80,951.0,613,404.0,167.0,1028,1087.0,3727,207.0,49.0,256.0,94.0,25.0,45.5,1.9,-0.5,0.272,0.369,0.352,0.721,3,11,0,0,0,0,6,12,0,12,0,retired
Orlando Cepeda,20,35,569,15,2058,7786,1127,2322,1507,411,27,377,1342.0,815,141.0,80.0,576,1144.0,3918,212.0,101.0,4.0,71.0,153.0,50.9,3.4,2.4,0.298,0.377,0.503,0.88,2,0,0,0,1,0,3,13,0,1,1,hof
Orlando Hudson,24,34,492,11,1345,4825,648,1319,904,256,66,93,542.0,415,85.0,28.0,483,825.0,1986,138.0,30.0,33.0,42.0,21.0,30.9,2.8,3.7,0.273,0.374,0.412,0.786,2,4,0,0,0,0,4,7,0,4,0,retired
Ozzie Smith,23,41,589,18,2529,9240,1241,2429,1936,397,68,28,782.0,493,576.0,145.0,1055,577.0,3046,161.0,31.0,209.0,61.0,79.0,77.79999999999998,4.3,6.8,0.263,0.377,0.33,0.707,14,13,1,0,0,0,6,3,1,14,0,hof
Paul Blair,20,36,407,15,1725,5522,740,1417,972,262,54,129,589.0,445,156.0,87.0,416,800.0,2174,108.0,21.0,93.0,48.0,18.0,40.5,2.7,-0.3,0.257,0.332,0.394,0.726,2,8,0,0,0,0,8,7,0,8,0,retired
Paul Molitor,21,41,606,20,2670,10789,1779,3309,2357,604,114,234,1301.0,952,503.0,131.0,1092,1236.0,4843,209.0,47.0,75.0,108.0,100.0,75.79999999999998,3.8,5.2,0.307,0.406,0.449,0.855,6,0,4,0,0,1,10,12,4,4,0,hof
Paul O'Neill,22,38,520,16,2050,7316,1041,2105,1352,451,21,281,1269.0,753,141.0,73.0,891,1165.0,3441,221.0,22.0,7.0,90.0,107.0,38.9,2.4,4.6,0.288,0.406,0.47,0.876,5,0,0,0,0,0,9,11,0,5,0,retired
Pedro Guerrero,22,35,425,14,1493,5246,720,1586,1083,261,28,214,882.0,503,95.0,45.0,598,837.0,2545,118.0,32.0,9.0,71.0,112.0,35.8,2.6,2.2,0.302,0.414,0.485,0.899,4,0,1,0,0,1,3,9,2,3,0,retired
Pete Rose,22,45,664,22,3249,12926,2033,3963,2971,707,128,157,1215.0,992,183.0,134.0,1448,1083.0,5397,224.0,98.0,47.0,69.0,153.0,82.89999999999998,3.8,0.6,0.307,0.421,0.418,0.839,15,2,1,0,1,1,3,7,2,12,1,retired
Plácido Polanco,22,37,493,16,1927,7214,1009,2142,1658,348,32,104,723.0,484,81.0,30.0,429,538.0,2866,201.0,101.0,86.0,56.0,13.0,41.9,2.6,2.6,0.297,0.363,0.397,0.76,0,3,1,0,0,0,4,13,1,2,0,retired
Rafael Furcal,22,36,517,14,1614,6477,1063,1817,1324,311,69,113,587.0,493,314.0,94.0,643,910.0,2605,84.0,22.0,55.0,39.0,24.0,39.7,2.8,1.9,0.281,0.38,0.402,0.782,3,0,0,0,0,0,6,11,0,3,0,retired
Rafael Palmeiro,21,40,602,20,2831,10472,1663,3020,1828,585,38,569,1835.0,1192,97.0,40.0,1353,1348.0,5388,232.0,87.0,15.0,119.0,172.0,72.1,3.6,4.7,0.288,0.418,0.515,0.933,4,3,2,0,0,0,3,15,2,3,0,retired
Ray Durham,23,30,678,8,1973,7750,1368,2165,1468,423,92,182,826.0,697,383.0,128.0,848,1298.0,3318,127.0,83.0,67.0,71.0,22.0,36.6,2.8,12.0,0.279,0.392,0.428,0.82,4,0,0,0,0,0,4,9,0,4,0,retired
Ray Lankford,23,37,477,14,1701,5747,968,1561,913,356,54,238,874.0,648,258.0,117.0,828,1550.0,2739,77.0,36.0,10.0,53.0,68.0,38.2,2.7,1.1,0.272,0.416,0.477,0.893,1,0,0,0,0,0,8,13,0,1,0,retired
Red Schoendienst,22,39,542,17,2205,8471,1223,2449,1860,427,78,84,773.0,589,89.0,60.0,606,345.0,3284,180.0,21.0,96.0,19.0,30.0,44.800000000000004,2.6,0.5,0.289,0.361,0.388,0.749,0,0,0,0,0,0,4,17,0,0,0,hof
Reggie Jackson,22,40,580,17,2411,8488,1386,2295,1332,414,41,508,1523.0,963,217.0,107.0,1225,2173.0,4315,164.0,80.0,11.0,61.0,152.0,76.8,4.5,5.3,0.27,0.417,0.508,0.925,11,0,2,0,1,2,9,6,3,7,1,hof
Reggie Sanders,23,39,397,18,1803,6340,1049,1693,977,348,60,308,993.0,716,305.0,115.0,679,1634.0,3085,123.0,71.0,15.0,43.0,51.0,40.3,2.2,2.8,0.267,0.379,0.487,0.866,1,0,0,0,0,0,9,17,0,1,0,retired
Reggie Smith,21,37,474,17,1987,7033,1123,2020,1286,363,57,314,1092.0,734,137.0,86.0,890,1030.0,3439,150.0,33.0,8.0,86.0,115.0,64.5,3.8,7.0,0.287,0.411,0.489,0.9,7,1,0,0,0,0,9,9,0,8,0,retired
Richie Ashburn,21,35,670,13,1927,7494,1187,2345,1920,294,103,28,547.0,425,218.0,100.0,1064,502.0,2929,69.0,34.0,104.0,12.0,34.0,65.5,5.0,13.5,0.313,0.457,0.391,0.848,0,0,0,0,0,0,8,13,0,0,0,hof
Richie Hebner,21,37,413,17,1906,6143,865,1694,1161,273,57,203,890.0,533,38.0,40.0,687,741.0,2690,105.0,74.0,44.0,67.0,95.0,33.00000000000001,1.9,0.5,0.276,0.391,0.438,0.829,0,0,0,0,0,0,5,17,0,0,0,retired
Rick Monday,20,38,377,19,1986,6136,950,1619,1066,248,64,241,775.0,553,98.0,91.0,924,1513.0,2718,71.0,24.0,46.0,32.0,107.0,33.300000000000004,1.8,1.3,0.264,0.415,0.443,0.858,2,0,0,0,0,0,8,17,0,2,0,retired
Rickey Henderson,21,44,540,24,2992,10610,2246,2959,2103,497,63,296,1089.0,856,1373.0,324.0,2156,1655.0,4470,168.0,96.0,22.0,64.0,61.0,112.0,4.7,1.1,0.279,0.484,0.421,0.905,10,1,3,0,1,0,7,13,2,8,1,hof
Rico Carty,24,39,452,13,1534,5220,683,1589,1108,265,17,199,848.0,481,19.0,26.0,598,611.0,2485,191.0,12.0,2.0,50.0,63.0,33.900000000000006,2.6,4.2,0.304,0.416,0.476,0.892,1,0,0,0,0,0,7,12,0,1,0,retired
Rico Petrocelli,20,33,475,13,1553,5390,653,1352,883,237,22,210,773.0,469,10.0,22.0,661,926.0,2263,127.0,26.0,36.0,57.0,61.0,39.00000000000001,3.0,1.4,0.251,0.373,0.42,0.793,2,0,0,0,0,0,6,11,0,2,0,retired
Robby Thompson,24,34,476,11,1304,4612,671,1187,791,238,39,119,458.0,396,103.0,62.0,439,987.0,1860,72.0,66.0,99.0,19.0,8.0,34.00000000000001,3.1,2.1,0.257,0.36,0.403,0.763,0,1,1,0,0,0,4,10,1,0,0,retired
Roberto Alomar,20,34,641,15,2183,8386,1414,2546,1799,470,76,201,1071.0,747,462.0,110.0,959,1032.0,3771,185.0,46.0,133.0,88.0,59.0,68.0,4.5,13.5,0.304,0.417,0.45,0.867,12,10,4,0,0,0,4,3,4,8,0,hof
Roberto Clemente,21,37,571,17,2309,8980,1368,2879,2072,417,155,235,1258.0,807,81.0,41.0,603,1170.0,4311,261.0,33.0,32.0,63.0,164.0,95.3,5.6,17.6,0.321,0.387,0.48,0.867,8,12,0,0,1,1,9,5,1,10,1,hof
Robin Ventura,21,36,517,16,2079,7064,1006,1885,1239,338,14,294,1182.0,646,24.0,38.0,1075,1179.0,3133,176.0,23.0,33.0,76.0,132.0,56.099999999999994,3.5,5.6,0.267,0.416,0.444,0.86,2,6,0,0,0,0,5,9,0,7,0,retired
Robin Yount,18,37,612,20,2856,11008,1632,3142,2182,583,126,251,1406.0,960,271.0,105.0,966,1350.0,4730,217.0,48.0,104.0,123.0,95.0,77.5,3.9,4.7,0.285,0.372,0.43,0.802,3,1,3,0,2,0,6,16,1,1,2,hof
Robinson Canó,22,37,590,16,2234,8673,1257,2624,1686,571,33,334,1302.0,938,51.0,38.0,616,1189.0,4263,284.0,85.0,10.0,62.0,112.0,70.1,4.4,5.3,0.303,0.377,0.492,0.869,0,2,5,0,0,0,4,11,5,0,0,retired
Rod Carew,21,39,555,19,2469,9315,1424,3053,2404,445,112,92,1015.0,649,353.0,187.0,1018,1028.0,3998,216.0,25.0,128.0,64.0,144.0,81.3,4.3,3.7,0.328,0.436,0.429,0.865,15,0,0,0,1,0,3,4,0,14,1,hof
Ron Cey,24,39,521,16,2071,7160,977,1868,1203,328,21,316,1139.0,665,24.0,29.0,1012,1233.0,3186,185.0,62.0,26.0,82.0,117.0,53.7,3.4,2.7,0.261,0.403,0.445,0.848,6,0,0,0,0,1,5,9,1,6,0,retired
Ron Fairly,22,39,441,17,2142,6364,847,1729,1227,275,29,198,955.0,502,34.0,25.0,954,778.0,2656,139.0,38.0,84.0,54.0,118.0,37.0,2.2,3.3,0.272,0.421,0.417,0.838,2,0,0,0,0,0,3,15,0,2,0,retired
Ron Gant,22,38,458,16,1832,6449,1080,1651,978,302,50,321,1008.0,673,243.0,102.0,770,1411.0,3016,98.0,32.0,12.0,57.0,38.0,34.2,2.1,1.8,0.256,0.375,0.468,0.843,2,0,1,0,0,0,7,13,1,2,0,retired
Ron Hunt,22,33,513,12,1483,5235,745,1429,1144,223,23,39,370.0,285,65.0,55.0,555,382.0,1815,100.0,243.0,103.0,22.0,22.0,32.7,2.7,7.7,0.273,0.405,0.347,0.752,2,0,0,0,0,0,4,10,0,2,0,retired
Ron Santo,20,33,638,13,1964,7164,1065,2034,1319,333,62,320,1207.0,715,31.0,38.0,1006,1177.0,3451,223.0,34.0,10.0,86.0,88.0,72.30000000000001,5.6,10.3,0.284,0.422,0.482,0.904,8,5,0,0,0,0,5,3,0,10,0,hof
Roy White,21,34,536,14,1800,6445,940,1759,1257,294,51,157,731.0,502,231.0,115.0,911,687.0,2626,117.0,29.0,48.0,66.0,65.0,48.0,3.4,9.9,0.273,0.413,0.407,0.82,1,0,0,0,0,0,7,13,0,1,0,retired
Russell Martin,23,36,475,14,1693,5701,803,1416,961,255,9,191,771.0,455,101.0,51.0,792,1211.0,2262,190.0,107.0,12.0,36.0,46.0,38.699999999999996,2.8,3.7,0.248,0.396,0.397,0.793,3,1,1,0,0,0,2,11,1,2,0,retired
Rusty Staub,19,41,488,23,2951,9720,1189,2716,1878,499,47,292,1466.0,838,47.0,33.0,1255,888.0,4185,297.0,79.0,56.0,119.0,193.0,45.89999999999999,2.0,0.6,0.279,0.408,0.431,0.839,4,0,0,0,0,0,9,19,0,4,0,retired
Ryan Braun,23,36,524,14,1766,6622,1080,1963,1154,408,49,352,1154.0,809,216.0,60.0,586,1363.0,3525,179.0,77.0,0.0,44.0,56.0,47.4,3.4,2.7,0.296,0.389,0.532,0.921,5,0,5,0,1,0,7,8,4,1,1,retired
Ryan Zimmerman,20,36,463,16,1799,6654,963,1846,1123,417,22,284,1061.0,723,43.0,16.0,646,1384.0,3159,212.0,31.0,1.0,69.0,43.0,40.2,2.5,3.2,0.277,0.374,0.475,0.849,2,1,2,0,0,0,5,13,2,1,0,retired
Ryne Sandberg,22,37,618,15,2151,8379,1316,2385,1624,403,76,282,1061.0,761,344.0,107.0,761,1259.0,3786,139.0,34.0,31.0,71.0,59.0,68.0,4.5,4.9,0.285,0.375,0.452,0.827,10,9,7,0,1,0,4,4,6,4,1,hof
Sal Bando,22,37,518,16,2019,7060,982,1790,1221,289,38,242,1039.0,569,75.0,46.0,1031,923.0,2881,149.0,75.0,65.0,57.0,69.0,61.7,3.9,0.1,0.254,0.403,0.408,0.811,3,0,0,0,0,0,5,13,0,3,0,retired
Sammy Sosa,20,38,550,18,2354,8813,1475,2408,1375,379,45,609,1667.0,1033,234.0,107.0,929,2306.0,4704,202.0,59.0,17.0,78.0,154.0,58.6,3.3,0.4,0.273,0.379,0.534,0.913,6,0,6,0,1,0,9,11,5,1,1,retired
Scott Fletcher,22,36,398,15,1612,5258,688,1376,1061,243,38,34,510.0,315,99.0,58.0,514,541.0,1797,109.0,57.0,111.0,36.0,13.0,31.9,2.1,5.5,0.262,0.364,0.342,0.706,0,0,0,0,0,0,4,15,0,0,0,retired
Scott Rolen,22,37,523,16,2001,7268,1201,2044,1179,510,43,312,1269.0,865,118.0,47.0,886,1383.0,3576,146.0,126.0,1.0,91.0,57.0,70.5,4.4,6.3,0.281,0.408,0.492,0.9,5,7,0,0,0,0,5,7,0,9,0,hof
Shane Victorino,22,34,430,12,1299,4630,731,1274,865,231,70,108,489.0,409,231.0,46.0,381,626.0,1969,60.0,81.0,52.0,20.0,12.0,31.5,2.6,6.6,0.275,0.367,0.425,0.792,1,4,0,0,0,0,8,8,0,4,0,retired
Shawn Green,20,34,531,15,1951,7082,1129,2003,1195,445,35,328,1070.0,808,162.0,52.0,744,1315.0,3502,175.0,80.0,3.0,53.0,80.0,34.900000000000006,2.3,0.5,0.283,0.392,0.494,0.886,2,1,1,0,0,0,9,13,1,1,0,retired
Shin-Soo Choo,22,37,447,16,1652,6087,961,1671,1085,339,29,218,782.0,586,157.0,55.0,868,1579.0,2722,101.0,152.0,10.0,40.0,43.0,34.800000000000004,2.2,4.4,0.275,0.429,0.447,0.876,1,0,0,0,0,0,9,15,0,1,0,retired
Stan Musial,20,42,578,22,3026,10972,1949,3630,2253,725,177,475,1951.0,1377,78.0,71.0,1599,696.0,6134,243.0,53.0,35.0,53.0,298.0,128.6,5.8,7.5,0.331,0.477,0.559,1.036,1,0,0,0,3,0,3,18,0,1,3,hof
Steve Finley,24,41,575,18,2540,9303,1434,2531,1658,446,124,303,1165.0,873,320.0,118.0,836,1295.0,4134,150.0,53.0,91.0,75.0,68.0,45.6,2.5,3.6,0.272,0.363,0.444,0.807,2,4,0,0,0,0,8,13,0,5,0,retired
Steve Garvey,21,38,522,17,2174,8275,1085,2456,1744,418,43,251,1227.0,712,82.0,60.0,456,930.0,3713,233.0,28.0,33.0,87.0,108.0,39.3,2.3,1.3,0.297,0.35,0.449,0.799,10,4,0,0,1,0,3,7,0,9,1,retired
Ted Simmons,18,37,522,17,2165,7935,1010,2306,1575,449,44,238,1298.0,731,17.0,33.0,797,630.0,3557,259.0,35.0,10.0,93.0,178.0,53.900000000000006,3.2,5.1,0.291,0.389,0.448,0.837,5,0,1,0,0,0,2,11,1,5,0,hof
Ted Williams,20,41,526,18,2189,7434,1766,2585,1493,510,71,511,1796.0,1092,24.0,17.0,1969,682.0,4770,190.0,37.0,5.0,15.0,252.0,122.19999999999999,6.8,16.8,0.348,0.613,0.642,1.255,0,0,0,0,2,0,7,16,0,0,2,hof
Thurman Munson,22,32,537,11,1423,5344,696,1558,1184,229,32,113,701.0,374,48.0,50.0,438,571.0,2190,160.0,42.0,21.0,58.0,59.0,46.0,4.2,10.5,0.292,0.374,0.41,0.784,6,3,0,0,1,0,2,5,0,5,1,retired
Tim Raines,21,41,511,20,2383,8763,1554,2587,1878,427,113,169,973.0,709,801.0,146.0,1302,944.0,3747,139.0,41.0,38.0,74.0,144.0,69.8,3.5,1.8,0.295,0.443,0.428,0.871,7,0,1,0,0,0,7,13,1,6,0,hof
Tim Salmon,23,37,503,14,1672,5934,986,1674,1012,339,24,299,1016.0,662,48.0,42.0,970,1360.0,2958,98.0,67.0,0.0,68.0,45.0,40.7,2.9,3.2,0.282,0.447,0.498,0.945,0,0,1,0,0,0,9,13,1,0,0,retired
Tim Wallach,22,38,524,17,2212,8099,908,2085,1357,432,36,260,1125.0,728,51.0,66.0,649,1307.0,3369,192.0,77.0,6.0,77.0,89.0,38.6,2.3,2.6,0.257,0.341,0.416,0.757,5,3,2,0,0,0,5,11,2,4,0,retired
Toby Harrah,20,37,516,17,2155,7402,1115,1954,1412,307,40,195,918.0,542,238.0,94.0,1153,868.0,2926,155.0,63.0,76.0,72.0,51.0,51.7,3.0,4.6,0.264,0.421,0.395,0.816,1,0,0,0,0,0,5,16,0,1,0,retired
Todd Helton,24,39,584,16,2212,7869,1388,2493,1503,590,36,364,1395.0,990,37.0,28.0,1327,1164.0,4247,185.0,57.0,3.0,93.0,185.0,62.0,3.9,2.4,0.317,0.483,0.54,1.023,5,3,4,0,0,0,3,11,4,1,0,hof
Tom Glavine,22,42,75,13,423,787,63,148,130,16,2,0,54.0,18,1.0,0.0,70,190.0,168,5.0,0.0,121.0,3.0,0.0,4.4,0.3,1.1,0.188,0.276,0.213,0.489,4,0,2,0,0,0,1,8,2,3,0,hof
Tom Seaver,22,37,96,10,361,837,61,135,102,22,3,8,53.0,33,4.0,0.0,57,308.0,187,12.0,4.0,62.0,1.0,0.0,3.5999999999999996,0.4,0.6,0.161,0.233,0.223,0.456,5,0,0,0,0,0,1,5,0,5,0,hof
Tony Fernández,21,39,517,17,2158,7911,1057,2276,1676,414,92,94,844.0,600,246.0,138.0,690,784.0,3156,161.0,64.0,67.0,61.0,48.0,45.4,2.7,5.8,0.288,0.377,0.399,0.776,0,4,0,0,0,0,6,13,0,4,0,retired
Tony Gwynn,22,41,512,20,2440,9288,1383,3141,2378,543,85,135,1138.0,763,319.0,125.0,790,434.0,4259,259.0,24.0,45.0,85.0,203.0,69.3,3.5,2.8,0.338,0.421,0.459,0.88,13,5,7,0,0,0,9,7,7,6,0,hof
Tony Oliva,23,36,560,12,1592,6143,866,1879,1287,325,48,219,929.0,592,86.0,55.0,444,625.0,2957,136.0,57.0,14.0,56.0,130.0,44.300000000000004,3.7,1.6,0.306,0.38,0.481,0.861,6,1,0,0,0,0,9,6,0,6,0,hof
Tony Peña,23,39,399,17,1898,6268,671,1681,1253,297,30,101,685.0,428,78.0,65.0,396,818.0,2341,214.0,24.0,61.0,36.0,64.0,30.4,1.8,1.5,0.268,0.332,0.373,0.705,5,4,0,0,0,0,2,10,0,7,0,retired
Tony Phillips,23,40,506,18,2161,7617,1300,2023,1453,360,50,160,819.0,570,177.0,114.0,1319,1499.0,2963,127.0,42.0,69.0,63.0,44.0,51.2,2.8,4.1,0.266,0.438,0.389,0.827,0,0,0,0,0,0,4,18,0,0,0,retired
Tony Pérez,23,43,536,19,2518,9159,1223,2578,1658,476,73,371,1568.0,920,48.0,33.0,872,1768.0,4313,242.0,41.0,7.0,99.0,144.0,55.3,2.9,2.4,0.281,0.375,0.471,0.846,7,0,0,0,0,0,3,12,0,7,0,hof
Torii Hunter,22,39,538,18,2371,8857,1296,2452,1562,498,39,353,1391.0,890,195.0,99.0,661,1741.0,4087,262.0,97.0,6.0,71.0,52.0,50.699999999999996,2.8,2.8,0.277,0.356,0.461,0.817,4,9,2,0,0,0,8,7,2,9,0,retired
Travis Fryman,21,33,571,12,1600,6147,861,1688,1098,330,40,220,984.0,590,71.0,36.0,572,1306.0,2758,146.0,38.0,15.0,75.0,18.0,35.400000000000006,3.0,5.0,0.275,0.367,0.449,0.816,5,1,1,0,0,0,5,7,1,4,0,retired
Troy Glaus,21,33,489,13,1537,5410,889,1375,752,293,10,320,950.0,623,56.0,29.0,854,1377.0,2648,138.0,46.0,0.0,45.0,40.0,38.0,2.9,4.4,0.254,0.414,0.489,0.903,4,0,2,0,0,1,5,8,3,2,0,retired
Troy Tulowitzki,21,34,417,13,1291,4804,762,1391,878,264,24,225,780.0,513,57.0,32.0,511,900.0,2378,146.0,47.0,10.0,43.0,48.0,44.7,3.4,4.3,0.29,0.398,0.495,0.893,4,2,2,0,0,0,6,8,2,3,0,retired
Vada Pinson,22,36,592,15,2134,8249,1107,2339,1624,394,106,215,1016.0,715,250.0,103.0,461,984.0,3590,143.0,47.0,47.0,77.0,63.0,41.79999999999999,2.8,0.5,0.284,0.34,0.435,0.775,0,1,0,0,0,0,8,14,0,1,0,retired
Victor Martinez,23,38,512,14,1720,6390,843,1928,1317,382,3,226,1060.0,611,7.0,7.0,667,790.0,2994,227.0,44.0,0.0,72.0,107.0,35.1,2.5,6.4,0.302,0.406,0.469,0.875,0,0,0,0,0,0,2,14,0,0,0,retired
Vladimir Guerrero,22,36,602,15,2138,8128,1326,2585,1614,477,46,448,1495.0,971,181.0,94.0,737,982.0,4498,276.0,103.0,0.0,64.0,250.0,59.6,4.0,2.7,0.318,0.413,0.553,0.966,9,0,8,0,1,0,9,6,7,1,1,hof
Von Hayes,22,33,504,12,1495,5249,767,1402,941,282,36,143,696.0,461,253.0,97.0,712,804.0,2185,100.0,22.0,19.0,50.0,82.0,30.099999999999998,2.5,3.6,0.267,0.401,0.416,0.817,1,0,0,0,0,0,9,11,0,1,0,retired
Wade Boggs,24,40,612,17,2349,8888,1473,2922,2182,564,60,116,985.0,740,23.0,35.0,1374,722.0,3954,222.0,23.0,29.0,92.0,178.0,91.80000000000001,5.4,6.8,0.329,0.48,0.445,0.925,12,2,8,0,0,0,5,4,8,5,0,hof
Wally Joyner,24,39,507,16,2033,7127,973,2060,1421,409,26,204,1106.0,639,60.0,39.0,833,825.0,3133,168.0,38.0,26.0,91.0,109.0,35.7,2.2,0.6,0.289,0.404,0.44,0.844,1,0,0,0,0,0,3,15,0,1,0,retired
Warren Spahn,27,44,104,12,482,1131,85,227,159,42,4,22,127.0,68,2.0,2.0,60,274.0,343,10.0,5.0,41.0,5.0,0.0,5.5,0.5,0.5,0.201,0.256,0.303,0.559,0,0,0,0,0,0,1,12,0,0,0,hof
Will Clark,22,36,552,15,1976,7173,1186,2176,1405,440,47,284,1205.0,771,67.0,48.0,937,1190.0,3562,100.0,59.0,13.0,101.0,155.0,56.6,3.8,8.5,0.303,0.433,0.497,0.93,6,1,2,0,0,0,3,9,2,4,0,retired
Willie Davis,21,39,572,17,2407,9086,1205,2533,1827,389,137,180,1043.0,706,395.0,126.0,414,965.0,3736,127.0,51.0,81.0,96.0,73.0,59.9,3.5,3.2,0.279,0.325,0.411,0.736,2,3,0,0,0,0,8,14,0,3,0,retired
Willie Mays,20,42,568,22,2992,10881,2062,3283,1960,523,140,660,1903.0,1323,338.0,103.0,1464,1526.0,6066,251.0,44.0,13.0,91.0,214.0,156.20000000000002,7.1,8.1,0.302,0.435,0.557,0.992,11,13,0,0,2,0,8,4,0,16,2,hof
Willie McCovey,21,41,468,18,2221,7106,1104,1972,1149,304,43,476,1386.0,823,23.0,21.0,1197,1352.0,3790,149.0,61.0,5.0,60.0,240.0,66.7,3.7,1.8,0.278,0.447,0.533,0.98,6,0,0,0,1,0,3,12,0,5,1,hof
Willie McGee,23,39,465,17,2069,7378,985,2186,1670,343,94,79,836.0,516,345.0,117.0,431,1178.0,2954,152.0,15.0,30.0,44.0,55.0,37.0,2.2,1.1,0.296,0.354,0.4,0.754,4,3,1,0,1,0,8,12,0,4,1,retired
Willie Randolph,20,37,526,18,2202,8018,1239,2210,1775,316,65,54,687.0,435,271.0,94.0,1243,675.0,2818,219.0,38.0,99.0,64.0,37.0,66.0,3.7,8.2,0.276,0.43,0.351,0.781,5,0,1,0,0,0,4,13,1,4,0,retired
Willie Stargell,22,42,454,19,2214,7563,1158,2141,1220,408,49,464,1484.0,921,17.0,14.0,913,1842.0,4039,137.0,76.0,9.0,71.0,226.0,58.00000000000001,3.1,3.9,0.283,0.406,0.534,0.94,7,0,0,0,1,1,7,11,0,7,1,hof
Willie Wilson,20,38,438,19,2154,7731,1169,2207,1738,281,147,41,585.0,469,668.0,134.0,425,1144.0,2905,90.0,62.0,64.0,35.0,27.0,45.99999999999999,2.4,2.8,0.285,0.344,0.376,0.72,2,1,2,0,0,0,8,16,2,1,0,retired
Yadier Molina,21,39,450,19,2224,7817,777,2168,1577,408,7,176,1022.0,591,71.0,37.0,542,922.0,3118,287.0,76.0,43.0,75.0,50.0,41.7,2.2,2.2,0.277,0.35,0.399,0.749,7,9,1,0,0,0,2,9,1,9,0,retired
Yogi Berra,21,38,464,18,2116,7546,1174,2148,1420,321,49,358,1430.0,728,30.0,26.0,704,411.0,3641,146.0,52.0,9.0,44.0,91.0,59.9,3.3,3.5,0.285,0.38,0.483,0.863,0,0,0,0,3,0,2,15,0,0,3,hof
Álex Rodríguez,18,39,570,21,2719,10341,2002,3070,1811,541,31,687,2055.0,1259,326.0,76.0,1324,2220.0,5734,257.0,175.0,16.0,108.0,97.0,118.7,5.7,5.0,0.297,0.43,0.554,0.984,0,1,0,0,0,0,5,20,0,1,0,retired
Álex Ríos,23,33,595,10,1441,5497,781,1558,1017,330,59,152,718.0,541,233.0,71.0,358,982.0,2462,163.0,38.0,2.0,51.0,20.0,30.5,3.0,7.5,0.283,0.35,0.448,0.798,0,0,0,0,0,0,9,10,0,0,0,retired
Édgar Rentería,19,34,570,15,2028,7682,1150,2212,1632,417,28,135,875.0,580,287.0,106.0,679,1113.0,3090,224.0,30.0,94.0,71.0,37.0,34.00000000000001,2.3,2.5,0.288,0.375,0.402,0.777,0,2,3,0,0,1,6,11,4,0,0,retired
