Rk,Player,WAR,From,To,Age,G,PA,AB,R,H,1B,2B,3B,HR,RBI,SB,CS,BB,SO,BA,OBP,SLG,OPS,OPS+,TB,GIDP,HBP,SH,SF,IBB,WAR,WAA,oWAR,dWAR,Rbat,Rdp,Rbaser,Rbaser + Rdp,Rfield,Pos,Team
1,Barry Bonds,162.8,1986,2007,21-42,2986,12606,9847,2227,2935,1495,601,77,762,1996,514,141,2558,1539,0.298,0.444,0.607,1.051,182,5976,165,106,4,91,688,162.8,123.8,143.6,7.6,1128,6,44,49,175,*78HD/9,"PIT,SFG"
2,Álex Rodríguez,117.4,1994,2016,18-40,2784,12207,10566,2021,3115,1840,548,31,696,2086,329,76,1338,2287,0.295,0.38,0.55,0.93,140,5813,261,176,16,111,97,117.4,75.7,115.3,10.2,640,-5,56,51,23,65DH,"NYY,SEA,TEX"
3,Albert Pujols,101.3,2001,2022,21-42,3080,13041,11421,1914,3384,1979,686,16,703,2218,117,43,1373,1404,0.296,0.374,0.544,0.918,145,6211,426,123,1,123,316,101.3,60.1,87.3,-4.2,684,-45,4,-41,139,3DH5/14,"LAA,LAD,STL"
4,Pete Rose,79.6,1963,1986,22-45,3562,15890,14053,2165,4256,3215,746,135,160,1314,198,149,1566,1143,0.303,0.375,0.409,0.784,118,5752,247,107,56,79,167,79.6,29,83.3,-13.2,367,5,12,18,-54,35479H8,"CIN,MON,PHI"
5,Bill Dahlen,75.3,1891,1911,21-41,2444,10440,9036,1590,2461,1801,413,163,84,1234,548,,1064,759,0.272,0.358,0.382,0.74,110,3452,,140,165,,,75.3,39.4,62.5,28.5,136,0,12,12,139,*65O4H/7,"BRO,BSN,CHC,NYG"
6,Lou Whitaker,75.1,1977,1995,20-38,2390,9967,8570,1386,2369,1640,420,65,244,1084,143,75,1197,1099,0.276,0.363,0.426,0.789,117,3651,143,20,89,91,79,75.1,42.8,67.7,16.3,209,16,32,48,77,*4HD,DET
7,Rafael Palmeiro,71.9,1986,2005,21-40,2831,12046,10472,1663,3020,1828,585,38,569,1835,97,40,1353,1348,0.288,0.371,0.515,0.885,132,5388,232,87,15,119,172,71.9,30.3,67.5,-10.6,431,-8,-8,-16,48,*3D7H/98,"BAL,CHC,TEX"
8,Bobby Grich,71,1970,1986,21-37,2008,8220,6890,1033,1833,1242,320,47,224,864,104,83,1087,1278,0.266,0.371,0.424,0.794,125,2919,157,86,107,50,50,71,43.5,62.6,16.8,256,-11,4,-7,82,463H5/D,"BAL,CAL"
9,Carlos Beltrán,70,1998,2017,21-40,2586,11031,9768,1582,2725,1647,565,78,435,1587,312,49,1084,1795,0.279,0.35,0.486,0.837,119,4751,203,51,18,110,104,70,34.3,66.6,1.9,262,10,55,65,40,*89DH7/3,"HOU,KCR,NYM,NYY,SFG,STL,TEX"
10,Manny Ramírez,69.3,1993,2011,21-39,2302,9774,8244,1544,2574,1452,547,20,555,1831,38,33,1329,1813,0.312,0.411,0.585,0.996,154,4826,243,109,2,90,216,69.3,35.7,81.8,-21.7,651,-27,-22,-49,-129,79DH,"BOS,CHW,CLE,LAD,TBR"
11,Robinson Canó,68.7,2005,2022,22-39,2267,9550,8773,1262,2639,1699,572,33,335,1306,51,38,620,1214,0.301,0.351,0.488,0.839,124,4282,286,85,10,62,112,68.7,35.4,67.8,7.6,280,-1,-8,-9,10,*4DH3/56,"ATL,NYM,NYY,SDP,SEA"
12,Kenny Lofton,68.4,1991,2007,24-40,2103,9235,8120,1528,2428,1799,383,116,130,781,622,160,945,1016,0.299,0.372,0.423,0.794,107,3433,111,32,72,65,43,68.4,38.4,58,15.5,140,23,79,102,108,*8H7D9,"ATL,CHC,CHW,CLE,HOU,LAD,NYY,PHI,PIT,SFG,TEX"
13,Graig Nettles,67.9,1967,1988,22-43,2700,10228,8986,1193,2225,1479,328,28,390,1314,32,36,1088,1209,0.248,0.329,0.421,0.75,110,3779,197,50,12,90,94,67.9,32.8,52.7,21.4,102,5,-4,2,140,5H739D/68,"ATL,CLE,MIN,MON,NYY,SDP"
14,Miguel Cabrera,67.2,2003,2023,20-40,2797,11796,10356,1551,3174,2019,627,17,511,1881,40,21,1258,2105,0.306,0.382,0.518,0.901,140,5368,364,74,5,103,238,67.2,27.8,77.5,-21.3,560,-46,-32,-78,-100,3D579H,"DET,FLA"
15,Dwight Evans,67.2,1972,1991,20-39,2606,10569,8996,1470,2446,1505,483,73,385,1384,78,59,1391,1697,0.272,0.37,0.47,0.84,127,4230,227,53,52,77,60,67.2,33.1,60.5,-3.8,353,-6,3,-3,66,*9D3H78,"BAL,BOS"
16,Buddy Bell,66.3,1972,1989,20-37,2405,10009,8995,1151,2514,1832,425,56,201,1106,55,79,836,776,0.279,0.341,0.406,0.747,109,3654,255,38,60,80,84,66.3,32.6,48.1,23.8,110,-8,-17,-25,174,*5H6D37/489,"CIN,CLE,HOU,TEX"
17,Willie Randolph,65.9,1975,1992,20-37,2202,9462,8018,1239,2210,1775,316,65,54,687,271,94,1243,675,0.276,0.373,0.351,0.724,104,2818,219,38,99,64,37,65.9,36.1,54.4,20.2,120,-8,42,33,114,*4HD/5,"LAD,MIL,NYM,NYY,OAK,PIT"
18,Chase Utley,64.6,2003,2018,24-39,1937,7863,6857,1103,1885,1157,411,58,259,1025,154,22,724,1193,0.275,0.358,0.465,0.823,117,3189,93,204,6,72,62,64.6,41,51.3,17.4,173,24,45,69,133,*4H3/D5,"LAD,PHI"
19,Reggie Smith,64.6,1966,1982,21-37,1987,8051,7033,1123,2020,1286,363,57,314,1092,137,86,890,1030,0.287,0.366,0.489,0.855,137,3439,150,33,8,86,115,64.6,37.4,56.4,3,311,-4,11,6,78,983H5/D47,"BOS,LAD,SFG,STL"
20,Joey Votto,63.6,2007,2023,23-39,2056,8746,7252,1171,2135,1298,459,22,356,1144,80,29,1365,1640,0.294,0.409,0.511,0.92,144,3706,168,81,0,48,147,63.6,36.8,59.6,-7.7,472,-5,-32,-37,44,*3DH/7,CIN
21,Ken Boyer,62.8,1955,1969,24-38,2034,8274,7455,1104,2143,1475,318,68,282,1141,105,77,713,1017,0.287,0.349,0.462,0.81,116,3443,185,20,17,63,97,62.8,31.5,55.9,10.7,184,6,14,20,73,*58H36,"CHW,LAD,NYM,STL"
22,Andruw Jones,62.7,1996,2012,19-35,2196,8664,7599,1204,1933,1080,383,36,434,1289,152,59,891,1748,0.254,0.337,0.486,0.823,111,3690,192,97,6,71,69,62.7,35.9,39.8,24.4,119,-1,9,8,235,*89H7D/3,"ATL,CHW,LAD,NYY,TEX"
23,Joe Jackson,62.2,1908,1920,20-32,1332,5697,4981,873,1772,1243,307,168,54,792,202,81,519,233,0.356,0.423,0.517,0.94,170,2577,,59,131,,,62.2,40.2,61.3,-6.1,438,0,-5,-5,11,9783H,"CHW,CLE,PHA"
24,Mark McGwire,62.2,1986,2001,22-37,1874,7660,6187,1167,1626,785,252,6,583,1414,12,8,1317,1596,0.263,0.394,0.588,0.982,163,3639,147,75,3,78,150,62.2,37.1,65.4,-12.2,545,-22,-15,-37,-29,*3HD5/9,"OAK,STL"
25,Jack Glasscock,62,1879,1895,21-37,1737,7552,7033,1164,2041,1603,313,98,27,827,372,,440,212,0.29,0.337,0.374,0.712,112,2631,,62,17,,,62,36.1,50.7,22.3,155,0,16,16,149,*645/13O,"CLV,COR,IND,LOU,NYG,PIT,SLM,STL,WHS"
26,Sal Bando,61.5,1966,1981,22-37,2019,8289,7060,982,1790,1221,289,38,242,1039,75,46,1031,923,0.254,0.352,0.408,0.76,119,2881,149,75,65,57,69,61.5,32.7,58.3,8.5,206,3,11,15,36,*5DH3/6417,"KCA,MIL,OAK"
27,Willie Davis,60.8,1960,1979,20-39,2429,9822,9174,1217,2561,1846,395,138,182,1053,398,131,418,977,0.279,0.311,0.412,0.723,106,3778,128,51,83,96,75,60.8,26.4,47.8,11.1,43,34,63,97,104,*8H97/D,"CAL,LAD,MON,SDP,STL,TEX"
28,Gary Sheffield,60.5,1988,2009,19-40,2576,10947,9217,1636,2689,1686,467,27,509,1676,253,104,1475,1171,0.292,0.393,0.514,0.907,140,4737,235,135,9,111,130,60.5,26,80.7,-27.7,561,-11,-1,-12,-195,97D6H5/3,"ATL,DET,FLA,LAD,MIL,NYM,NYY,SDP"
29,Jim Edmonds,60.4,1993,2010,23-40,2011,7980,6858,1251,1949,1094,437,25,393,1199,67,50,998,1729,0.284,0.376,0.527,0.903,132,3615,122,49,10,65,91,60.4,35,57.2,6.4,303,7,-11,-4,37,*8H739D,"ANA,CAL,CHC,CIN,MIL,SDP,STL"
30,Keith Hernandez,60.3,1974,1990,20-36,2088,8553,7370,1124,2182,1534,426,60,162,1071,98,63,1070,1012,0.296,0.384,0.436,0.821,128,3214,161,32,10,71,130,60.3,31.9,46.3,1.3,284,2,-3,-1,117,*3H/79,"CLE,NYM,STL"
31,Bobby Abreu,60.2,1996,2014,22-40,2425,10081,8480,1453,2470,1549,574,59,288,1363,400,128,1476,1840,0.291,0.395,0.475,0.87,128,4026,165,33,7,85,115,60.2,28.3,61.6,-10.9,369,17,16,33,-7,*9DH78,"HOU,LAA,LAD,NYM,NYY,PHI"
32,Sherry Magee,59.4,1904,1919,19-34,2087,8560,7441,1112,2169,1495,425,166,83,1176,441,20,736,624,0.291,0.364,0.427,0.79,137,3175,,109,260,,,59.4,31.4,57.3,-8.4,329,0,22,22,25,*7839H64/5,"BSN,CIN,PHI"
33,Evan Longoria,58.9,2008,2023,22-37,1986,8206,7306,1017,1930,1131,431,26,342,1159,58,19,730,1696,0.264,0.333,0.471,0.804,119,3439,206,72,1,97,87,58.9,30.9,48.8,13.8,180,-15,1,-14,101,*5DH/6,"ARI,SFG,TBR"
34,Darrell Evans,58.7,1969,1989,22-42,2687,10737,8973,1344,2223,1444,329,36,414,1354,98,68,1605,1410,0.248,0.361,0.431,0.792,119,3866,133,35,34,90,141,58.7,24.2,54.2,0.2,231,5,-7,-2,37,53DH76,"ATL,DET,SFG"
35,Sammy Sosa,58.6,1989,2007,20-38,2354,9896,8813,1475,2408,1375,379,45,609,1667,234,107,929,2306,0.273,0.344,0.534,0.878,128,4704,202,59,17,78,154,58.6,28.2,50.4,-0.3,333,-13,-14,-27,86,*98DH7,"BAL,CHC,CHW,TEX"
36,John Olerud,58.1,1989,2005,20-36,2234,9063,7592,1139,2239,1471,500,13,255,1230,11,14,1275,1016,0.295,0.398,0.465,0.863,129,3530,232,88,12,96,157,58.1,27.4,48.6,-1.4,333,-15,-23,-38,103,*3DH,"BOS,NYM,NYY,SEA,TOR"
37,Bobby Bonds,57.9,1968,1981,22-35,1849,8090,7043,1258,1886,1186,302,66,332,1024,461,169,914,1757,0.268,0.353,0.471,0.824,129,3316,107,53,16,64,75,57.9,31.9,51.9,-1.8,271,2,37,39,48,*98D7H,"CAL,CHC,CHW,CLE,NYY,SFG,STL,TEX"
38,Joe Torre,57.6,1960,1977,19-36,2209,8802,7874,996,2342,1687,344,59,252,1185,23,29,779,1094,0.297,0.365,0.452,0.817,129,3560,284,85,13,50,127,57.6,26.8,59.6,-0.3,304,-35,-22,-58,-29,235H/7,"ATL,MLN,NYM,STL"
39,Will Clark,56.5,1986,2000,22-36,1976,8283,7173,1186,2176,1405,440,47,284,1205,67,48,937,1190,0.303,0.384,0.497,0.88,137,3562,100,59,13,101,155,56.5,29.1,55.5,-10.1,353,16,7,23,2,*3HD,"BAL,SFG,STL,TEX"
40,Johnny Damon,56.3,1995,2012,21-38,2490,10917,9736,1668,2769,1903,522,109,235,1139,408,103,1003,1257,0.284,0.352,0.433,0.785,104,4214,93,50,57,71,38,56.3,19.4,56,-2,93,49,76,126,3,*87D9H/3,"BOS,CLE,DET,KCR,NYY,OAK,TBR"
41,Robin Ventura,56.1,1989,2004,21-36,2079,8271,7064,1006,1885,1239,338,14,294,1182,24,38,1075,1179,0.267,0.362,0.444,0.806,114,3133,176,23,33,76,132,56.1,28.5,41.3,17.9,131,-8,-13,-21,155,*53H/D146,"CHW,LAD,NYM,NYY"
42,Jim Wynn,55.9,1963,1977,21-35,1920,8011,6653,1105,1665,1050,285,39,291,964,225,101,1224,1427,0.25,0.366,0.436,0.802,129,2901,117,27,32,74,84,55.9,28.8,57.9,-6.4,294,6,18,24,-28,*897HD6/5,"ATL,HOU,LAD,MIL,NYY"
43,Bob Johnson,55.7,1933,1945,27-39,1863,8051,6920,1239,2051,1272,396,95,288,1283,96,64,1075,851,0.296,0.393,0.506,0.899,139,3501,102,24,28,,51,55.7,28.9,54.2,-5.8,382,-19,-1,-20,18,*783495H,"BOS,PHA,WSH"
44,Chet Lemon,55.7,1975,1990,20-35,1988,7874,6868,973,1875,1203,396,61,215,884,58,76,749,1024,0.273,0.355,0.442,0.797,121,3038,174,151,50,54,46,55.7,29.8,46.5,9,210,-4,-7,-10,93,*89HD/547,"CHW,DET"
45,Jeff Kent,55.5,1992,2008,24-40,2298,9537,8498,1320,2461,1477,560,47,377,1518,94,60,801,1522,0.29,0.356,0.5,0.855,123,4246,224,125,10,103,61,55.5,26.6,60.1,-0.1,297,-17,1,-15,-42,*453H/D6,"CLE,HOU,LAD,NYM,SFG,TOR"
46,Stan Hack,55.2,1932,1947,22-37,1938,8509,7278,1239,2193,1692,363,81,57,642,165,155,1092,466,0.301,0.394,0.397,0.791,119,2889,78,21,115,,52,55.2,27,55.6,1.4,240,19,-7,11,2,*5H3,CHC
47,José Cruz,54.4,1970,1988,22-40,2353,8931,7917,1036,2251,1601,391,94,165,1077,317,136,898,1031,0.284,0.354,0.42,0.774,120,3325,119,7,27,82,142,54.4,24.6,44.8,0.2,200,22,3,25,77,*798HD/3,"HOU,NYY,STL"
48,Vada Pinson,54,1958,1975,19-36,2469,10405,9645,1365,2757,1889,485,127,256,1169,305,122,574,1196,0.286,0.327,0.442,0.769,111,4264,164,54,52,78,69,54,16.3,55,-5.7,144,33,27,60,-8,*897H3/D,"CAL,CIN,CLE,KCR,STL"
49,Ian Kinsler,53.8,2006,2019,24-37,1888,8299,7423,1243,1999,1285,416,41,257,909,243,74,693,1046,0.269,0.337,0.44,0.777,107,3268,161,92,32,59,11,53.8,26.2,44.8,14.9,80,-11,39,28,87,*4DH/15,"BOS,DET,LAA,SDP,TEX"
50,Ron Cey,53.7,1971,1987,23-39,2073,8344,7162,977,1868,1203,328,21,316,1139,24,29,1012,1235,0.261,0.354,0.445,0.799,121,3186,185,62,26,82,117,53.7,26.1,50.6,6.6,212,-14,-16,-29,19,*5HD/3,"CHC,LAD,OAK"
51,Bert Campaneris,53.1,1964,1983,22-41,2328,9625,8684,1181,2249,1771,313,86,79,646,649,199,618,1142,0.259,0.311,0.342,0.653,89,2971,106,64,199,60,15,53.1,21.3,47.6,21.1,-71,17,57,74,63,*6H574D/81239,"CAL,KCA,NYY,OAK,TEX"
52,Jack Clark,53.1,1975,1992,19-36,1994,8230,6847,1118,1826,1115,332,39,340,1180,77,61,1262,1441,0.267,0.379,0.476,0.854,137,3256,174,24,9,83,127,53.1,25.7,54.6,-12.9,374,-12,-4,-17,-22,93DH87/5,"BOS,NYY,SDP,SFG,STL"
53,César Cedeño,53,1970,1986,19-35,2006,8133,7310,1084,2087,1392,436,60,199,976,550,179,664,938,0.285,0.347,0.443,0.79,123,3240,167,56,32,71,83,53,26.4,53.5,-4.3,225,3,57,60,-14,8397H,"CIN,HOU,LAD,STL"
54,Norm Cash,52,1958,1974,24-40,2089,7914,6705,1045,1820,1161,241,41,377,1104,43,30,1043,1091,0.271,0.374,0.488,0.862,139,3274,139,90,17,55,112,52,25.9,50.1,-9.2,336,7,-16,-10,38,*3H/97D,"CHW,DET"
55,Lance Berkman,51.9,1999,2013,23-37,1879,7814,6491,1146,1905,1087,422,30,366,1234,86,48,1201,1300,0.293,0.406,0.537,0.943,144,3485,147,66,1,54,160,51.9,28.2,54,-11,421,2,-24,-22,-16,3798DH,"HOU,NYY,STL,TEX"
56,Dustin Pedroia,51.9,2006,2019,22-35,1512,6777,6031,922,1805,1256,394,15,140,725,138,46,624,654,0.299,0.365,0.439,0.805,113,2649,154,38,25,59,25,51.9,29.4,41.4,15.5,130,-3,7,4,100,4HD/6,BOS
57,Luis Gonzalez,51.6,1990,2008,22-40,2591,10531,9157,1412,2591,1573,596,68,354,1439,128,87,1155,1218,0.283,0.367,0.479,0.845,119,4385,212,111,10,98,150,51.6,19.8,42.4,-0.7,229,9,-18,-10,91,*7HD9/835,"ARI,CHC,DET,FLA,HOU,LAD"
58,Brian Downing,51.5,1973,1992,22-41,2344,9309,7853,1188,2099,1436,360,28,275,1073,50,44,1197,1127,0.267,0.37,0.425,0.796,122,3340,197,129,60,70,55,51.5,21.1,53.8,-6.9,279,-14,4,-10,-15,7D2H9/5,"CAL,CHW,TEX"
59,Toby Harrah,51.4,1969,1986,20-37,2155,8767,7402,1115,1954,1412,307,40,195,918,238,94,1153,868,0.264,0.365,0.395,0.76,114,2926,155,63,76,72,51,51.4,22.2,62.5,-0.8,183,5,32,36,-96,564HD/9,"CLE,NYY,TEX,WSA"
60,Brian Giles,51.1,1995,2009,24-38,1847,7836,6527,1121,1897,1144,411,55,287,1078,109,45,1183,835,0.291,0.4,0.502,0.902,137,3279,160,51,4,70,114,51.1,27.4,54.6,-9.1,362,-1,21,20,-28,*978HD,"CLE,PIT,SDP"
61,Tony Phillips,50.9,1982,1999,23-40,2161,9110,7617,1300,2023,1453,360,50,160,819,177,114,1319,1499,0.266,0.374,0.389,0.763,109,2963,127,42,69,63,44,50.9,21.6,47.4,6.3,153,4,-5,-1,41,47569DH8/3,"ANA,CAL,CHW,DET,NYM,OAK,TOR"
62,Bob Elliott,50.9,1939,1953,22-36,1978,8207,7141,1064,2061,1415,382,94,170,1195,60,53,967,604,0.289,0.375,0.44,0.815,124,3141,187,16,66,,61,50.9,21.1,52,-3,253,-10,-1,-12,-4,59H78/46,"BSN,CHW,NYG,PIT,SLB"
63,Torii Hunter,50.6,1997,2015,21-39,2372,9692,8857,1296,2452,1562,498,39,353,1391,195,99,661,1741,0.277,0.331,0.461,0.793,110,4087,262,97,6,71,52,50.6,16.4,47.4,4.1,113,-10,16,6,34,*89DH7,"DET,LAA,MIN"
64,Mark Teixeira,50.5,2003,2016,23-36,1862,8029,6936,1099,1862,1027,408,18,409,1298,26,7,918,1441,0.268,0.36,0.509,0.869,126,3533,158,111,0,64,91,50.5,23.1,41.9,-1,252,-1,-8,-8,88,*3DH957,"ATL,LAA,NYY,TEX"
65,Jason Giambi,50.5,1995,2014,24-43,2260,8908,7267,1227,2010,1156,405,9,440,1441,20,12,1366,1572,0.277,0.399,0.516,0.916,139,3753,166,180,2,93,97,50.5,19.6,58.4,-19.7,443,-12,-16,-28,-83,3DH75/9,"CLE,COL,NYY,OAK"
66,Fred Lynn,50.2,1974,1990,22-38,1969,7923,6925,1063,1960,1223,388,43,306,1111,72,54,857,1116,0.283,0.36,0.484,0.845,129,3352,149,30,25,86,77,50.2,24.2,53.4,-3.1,254,9,-1,8,-27,*897HD,"BAL,BOS,CAL,DET,SDP"
67,Ellis Burks,49.8,1987,2004,22-39,2000,8177,7232,1253,2107,1290,402,63,352,1206,181,84,793,1340,0.291,0.363,0.51,0.874,126,3691,171,60,29,62,33,49.8,23.3,53.9,-6.7,295,4,9,12,-32,89D7H,"BOS,CHW,CLE,COL,SFG"
68,Brett Butler,49.7,1981,1997,24-40,2213,9545,8180,1359,2375,1913,277,131,54,578,558,257,1129,907,0.29,0.377,0.376,0.753,110,3076,62,38,147,51,23,49.7,20.5,57.9,-6.1,188,33,37,70,-84,*87H9/D,"ATL,CLE,LAD,NYM,SFG"
69,Bernie Williams,49.6,1991,2006,22-37,2076,9053,7869,1366,2336,1545,449,55,287,1257,147,87,1069,1212,0.297,0.381,0.477,0.858,125,3756,223,39,12,64,97,49.6,18.7,63.2,-9.5,297,8,-3,5,-139,*8D9H/7,NYY
70,Jimmy Sheckard,49.5,1897,1913,18-34,2122,9147,7605,1296,2084,1538,354,136,56,810,465,12,1135,849,0.274,0.375,0.378,0.753,121,2878,,92,286,,,49.5,19.7,42.2,-3.8,225,0,12,12,77,*7O9H568/43,"BLA,BLN,BRO,CHC,CIN,STL"
71,David Wright,49.1,2004,2018,21-35,1585,6872,5998,949,1777,1119,390,26,242,970,196,65,762,1292,0.296,0.376,0.491,0.867,133,2945,152,45,0,65,73,49.1,28.6,51.9,0.3,285,-12,14,2,-25,*5H/D6,NYM
72,Jim Fregosi,48.7,1961,1978,19-36,1902,7404,6523,844,1726,1233,264,78,151,706,76,40,715,1097,0.265,0.338,0.398,0.736,113,2599,125,32,79,53,48,48.7,24.4,50.3,7.9,139,9,9,19,3,635HD/74,"CAL,LAA,NYM,PIT,TEX"
73,Buddy Myer,48.4,1925,1941,21-37,1923,8194,7038,1174,2131,1610,353,130,38,848,157,118,965,428,0.303,0.389,0.406,0.795,108,2858,12,33,152,,26,48.4,19,48.7,6.5,140,15,-10,5,-1,465H7/8,"BOS,WSH"
74,Heinie Groh,48.3,1912,1927,22-37,1676,7040,6074,918,1774,1353,308,87,26,566,180,85,696,345,0.292,0.373,0.384,0.757,118,2334,,83,182,,2,48.3,26,45.2,8.6,159,0,-9,-9,35,54H6,"CIN,NYG,PIT"
75,Larry Gardner,48.3,1908,1924,22-38,1923,7715,6688,867,1931,1474,301,129,27,934,165,91,654,434,0.289,0.355,0.384,0.739,109,2571,,32,311,,1,48.3,18.2,44,10.8,89,0,-21,-21,44,54H/69,"BOS,CLE,PHA"
76,Bobby Veach,48.1,1912,1925,24-37,1821,7579,6656,957,2063,1459,393,147,64,1174,195,88,571,370,0.31,0.37,0.442,0.812,127,2942,,59,271,,3,48.1,19.1,45.3,-6.4,235,0,0,0,30,*7H98/1,"BOS,DET,NYY,WSH"
77,Wally Schang,48,1913,1931,23-41,1842,6440,5307,769,1506,1093,264,90,59,705,121,50,849,573,0.284,0.393,0.401,0.794,117,2127,,107,160,,17,48,22.9,47.6,6.5,153,1,1,2,5,2H785/96,"BOS,DET,NYY,PHA,SLB"
78,Joe Judge,47.9,1915,1934,21-40,2171,9188,7898,1184,2352,1689,433,159,71,1034,213,97,965,478,0.298,0.378,0.42,0.798,114,3316,3,51,257,,14,47.9,13.3,44.4,-5.6,189,3,0,3,35,3H/9,"BOS,BRO,WSH"
79,Jimmy Rollins,47.9,2000,2016,21-37,2275,10240,9294,1421,2455,1598,511,115,231,936,470,105,813,1264,0.264,0.324,0.418,0.743,95,3889,136,38,42,53,52,47.9,18.3,43.7,16.3,-43,10,67,77,47,*6H/D4,"CHW,LAD,PHI"
80,Curtis Granderson,47.4,2004,2019,23-38,2057,8306,7236,1217,1800,1015,346,95,344,937,153,50,924,1916,0.249,0.337,0.465,0.803,113,3368,64,67,30,49,31,47.4,19.4,43.6,4.2,128,17,7,25,43,*897HD,"DET,LAD,MIA,MIL,NYM,NYY,TOR"
81,Devon White,47.3,1985,2001,22-38,1941,8080,7344,1125,1934,1277,378,71,208,846,346,98,541,1526,0.263,0.319,0.419,0.739,98,3078,98,87,61,47,32,47.3,21.5,34.2,16.7,-8,18,40,58,133,*89H7/D,"ARI,CAL,FLA,LAD,MIL,TOR"
82,Ryan Braun,47.2,2007,2020,23-36,1766,7340,6622,1080,1963,1154,408,49,352,1154,216,60,586,1363,0.296,0.358,0.532,0.891,134,3525,179,77,0,44,56,47.2,24.7,50.2,-9.7,316,0,24,24,-26,*795HD3/8,MIL
83,Miguel Tejada,47.1,1997,2013,23-39,2171,9205,8434,1230,2407,1609,468,23,307,1302,85,38,553,1079,0.285,0.336,0.456,0.791,108,3842,277,122,23,71,73,47.1,15.9,51.9,6.7,102,-11,12,1,-48,*654HD/3,"BAL,HOU,KCR,OAK,SDP,SFG"
84,Art Fletcher,47.1,1909,1922,24-37,1533,6045,5541,684,1534,1187,238,77,32,676,160,46,203,355,0.277,0.319,0.365,0.684,100,2022,,141,154,,,47.1,27.6,30.4,28.3,1,0,-4,-4,144,*654H,"NYG,PHI"
85,Tommy Leach,47.1,1898,1918,20-40,2156,9075,7959,1355,2143,1642,266,172,63,812,361,24,820,666,0.269,0.34,0.37,0.71,109,2942,,32,240,,,47.1,17.5,40.4,8,90,0,-3,-3,67,857H69/4,"CHC,CIN,LOU,PIT"
86,Gene Tenace,46.8,1969,1983,22-36,1555,5527,4390,653,1060,660,179,20,201,674,36,42,984,998,0.241,0.388,0.429,0.817,136,1882,77,91,21,39,58,46.8,27.9,47.6,1.8,259,-3,-14,-17,-8,23H59/D47,"OAK,PIT,SDP,STL"
87,Josh Donaldson,46.8,2010,2023,24-37,1383,5856,5022,816,1310,732,287,12,279,816,40,10,725,1221,0.261,0.358,0.489,0.847,129,2458,135,58,5,46,22,46.8,27.3,42.8,6.4,208,-10,4,-5,39,5DH2/361,"ATL,CLE,MIL,MIN,NYY,OAK,TOR"
88,Roy White,46.8,1965,1979,21-35,1881,7736,6650,964,1803,1292,300,51,160,758,233,117,934,708,0.271,0.36,0.404,0.764,121,2685,123,29,53,69,66,46.8,20.3,44.1,-5.8,190,12,29,42,35,*7HD895/34,NYY
89,Mike Cameron,46.7,1995,2011,22-38,1955,7884,6839,1064,1700,980,383,59,278,968,297,83,867,1901,0.249,0.338,0.444,0.782,106,3035,114,87,31,60,19,46.7,21,40.1,10.3,71,5,41,46,71,*89HD/7,"BOS,CHW,CIN,FLA,MIL,NYM,SDP,SEA"
90,Matt Williams,46.6,1987,2003,21-37,1866,7595,7000,997,1878,1127,338,35,378,1218,53,35,469,1363,0.268,0.317,0.489,0.805,113,3420,182,55,9,62,86,46.6,22.9,36.9,12.8,113,-11,4,-7,90,56H3/D,"ARI,CLE,SFG"
91,Dale Murphy,46.5,1976,1993,20-37,2180,9041,7960,1197,2111,1324,350,39,398,1266,161,68,986,1748,0.265,0.346,0.469,0.815,121,3733,209,28,6,60,159,46.5,16.3,48.9,-6.8,228,-9,3,-6,-33,89372H,"ATL,COL,PHI"
92,Lave Cross,46.5,1887,1907,21-41,2277,9745,9084,1338,2651,2057,411,136,47,1378,303,,466,217,0.292,0.329,0.383,0.711,100,3475,,31,160,,,46.5,13.2,39.2,15,4,0,-17,-17,95,52O64/3,"BRO,CLV,LOU,PHA,PHI,PHQ,STL,WSH"
93,Ed Konetchy,46.4,1907,1921,21-35,2085,8675,7649,972,2150,1550,344,182,74,992,255,30,689,719,0.281,0.346,0.403,0.749,123,3080,,73,253,,,46.4,19.4,41.4,-2.8,211,0,-9,-9,50,*3/7H19,"BRO,BSN,PBS,PHI,PIT,STL"
94,Mark Grace,46.4,1988,2003,24-39,2245,9290,8065,1179,2445,1716,511,45,173,1146,70,48,1075,642,0.303,0.383,0.442,0.825,119,3565,192,34,17,99,114,46.4,18,38.6,-5,223,9,0,9,76,*3H/1D,"ARI,CHC"
95,Vern Stephens,46.3,1941,1955,20-34,1720,7243,6497,1001,1859,1263,307,42,247,1174,25,22,692,685,0.286,0.355,0.46,0.815,119,2991,169,6,37,8,57,46.3,24.8,46.5,9.1,150,-12,12,0,-1,65H/79,"BAL,BOS,CHW,SLB"
96,Willie Wilson,46.1,1976,1994,20-38,2154,8317,7731,1169,2207,1738,281,147,41,585,668,134,425,1144,0.285,0.326,0.376,0.702,94,2905,90,62,64,35,27,46.1,20.1,35.2,10.7,-57,25,121,146,108,*87H9D,"CHC,KCR,OAK"
97,Thurman Munson,46,1969,1979,22-32,1423,5905,5344,696,1558,1184,229,32,113,701,48,50,438,571,0.292,0.346,0.41,0.756,116,2190,160,42,21,58,59,46,25.5,43.2,11.9,124,-8,11,3,32,*2DH9/375,NYY
98,Rusty Staub,45.8,1963,1985,19-41,2951,11229,9720,1189,2716,1878,499,47,292,1466,47,33,1255,888,0.279,0.362,0.431,0.793,124,4185,297,79,56,119,193,45.8,7.4,50.8,-21,279,-14,-11,-25,-56,9DH37/8,"DET,HOU,MON,NYM,TEX"
99,Del Pratt,45.7,1912,1924,24-36,1836,7632,6826,857,1996,1444,392,117,43,979,247,138,513,428,0.292,0.345,0.403,0.748,112,2751,,37,233,,3,45.7,15.9,42.2,5.6,105,0,-9,-9,35,*43H659/87,"BOS,DET,NYY,SLB"
100,John McGraw,45.7,1891,1907,18-34,1100,4946,3924,1024,1309,1105,121,70,13,462,436,,836,155,0.334,0.466,0.41,0.876,135,1609,,134,46,,,45.7,29.3,46.1,3.1,306,0,12,12,3,56O4H/73,"BAL,BLA,BLN,NYG,STL"
101,Augie Galan,45.6,1934,1949,22-37,1742,7008,5937,1004,1706,1196,336,74,100,830,123,84,979,393,0.287,0.39,0.419,0.81,122,2490,72,25,62,,45,45.6,22,43.9,-3.9,217,21,16,37,19,78H3549/6,"BRO,CHC,CIN,NYG,PHA"
102,Omar Vizquel,45.6,1989,2012,22-45,2968,12013,10586,1445,2877,2264,456,77,80,951,404,167,1028,1087,0.272,0.336,0.352,0.688,82,3727,207,49,256,94,25,45.6,5.3,32.9,29.5,-244,9,-1,8,129,*65H4/D379,"CHW,CLE,SEA,SFG,TEX,TOR"
103,Roger Peckinpaugh,45.5,1910,1927,19-36,2012,8397,7233,1006,1876,1497,256,75,48,740,205,76,814,670,0.259,0.336,0.335,0.672,87,2426,,22,314,,1,45.5,13.2,35,25,-115,0,6,6,100,*6H/3,"CHW,CLE,NYY,WSH"
104,Tony Fernández,45.3,1983,2001,21-39,2158,8793,7911,1057,2276,1676,414,92,94,844,246,138,690,784,0.288,0.347,0.399,0.746,101,3156,161,64,67,61,48,45.3,17.2,42.3,14.9,23,5,-2,3,32,654HD,"CIN,CLE,MIL,NYM,NYY,SDP,TOR"
105,Harry Stovey,45.2,1880,1893,23-36,1489,6848,6153,1495,1775,1129,348,176,122,912,509,,664,452,0.288,0.361,0.462,0.822,144,2841,,31,,,,45.2,27.2,43.4,-2.9,324,0,31,31,28,O3/1,"BLN,BOS,BRO,BSN,PHA,WOR"
106,Larry Doyle,45.1,1907,1920,20-33,1766,7400,6509,960,1887,1391,299,123,74,794,298,41,625,378,0.29,0.357,0.408,0.765,126,2654,,53,195,,,45.1,21.5,48.5,-2.2,210,0,5,5,-22,*4H,"CHC,NYG"
107,Dixie Walker,45,1931,1949,20-38,1905,7669,6740,1038,2064,1487,376,96,105,1023,59,41,817,325,0.306,0.383,0.437,0.82,121,2947,81,16,93,,104,45,17.8,43.8,-5.7,202,18,11,29,16,987H/3,"BRO,CHW,DET,NYY,PIT"
108,Buster Posey,45,2009,2021,22-34,1371,5607,4970,663,1500,1040,293,9,158,729,23,9,540,721,0.302,0.372,0.46,0.831,129,2285,163,43,1,53,67,45,27.3,40.8,10.1,190,-18,-2,-20,44,23HD,SFG
109,Paul Hines,45,1872,1891,17-36,1658,7470,7062,1217,2133,1584,399,93,57,855,163,11,372,310,0.302,0.34,0.409,0.749,132,2889,3,36,,,,45,19.5,45.2,-5.6,293,0,-6,-6,19,*O3456/21,"BSN,CHC,CHI,IND,NAT,PIT,PRO,WAS,WHS"
110,J.D. Drew,44.9,1998,2011,22-35,1566,6153,5173,944,1437,874,273,48,242,795,87,37,862,1137,0.278,0.384,0.489,0.873,125,2532,84,55,19,44,52,44.9,25,38.2,2.3,208,17,9,26,69,98H7D,"ATL,BOS,LAD,STL"
111,Troy Tulowitzki,44.8,2006,2019,21-34,1291,5415,4804,762,1391,878,264,24,225,780,57,32,511,900,0.29,0.361,0.495,0.856,118,2378,146,47,10,43,48,44.8,27.8,34.2,17.4,115,-12,-2,-14,102,6H/D,"COL,NYY,TOR"
112,Bill Freehan,44.8,1961,1976,19-34,1774,6900,6073,706,1591,1115,241,35,200,758,24,21,626,753,0.262,0.34,0.412,0.752,112,2502,138,114,38,48,67,44.8,21.2,43.3,12,93,-4,-7,-11,28,23H/D79,DET
113,Ben Zobrist,44.7,2006,2019,25-38,1651,6836,5880,884,1566,1006,349,44,167,768,116,49,832,994,0.266,0.357,0.426,0.783,113,2504,124,31,26,67,35,44.7,21.6,39.2,6.7,123,11,10,21,55,4967H8D3/51,"CHC,KCR,OAK,TBD,TBR"
114,Jim Gilliam,44.7,1946,1966,17-37,2094,8887,7599,1255,2021,1551,325,80,65,625,219,111,1102,416,0.266,0.36,0.355,0.716,93,2701,90,36,114,35,36,44.7,12.3,40.5,10,-18,18,30,48,53,457H96/83,"BEG,BRO,LAD"
115,Chuck Knoblauch,44.6,1991,2002,22-33,1632,7387,6366,1132,1839,1355,322,64,98,615,407,117,804,730,0.289,0.378,0.406,0.783,106,2583,116,139,20,56,22,44.6,20.1,42.2,6,105,2,43,45,26,*47DH6/8,"KCR,MIN,NYY"
116,Lonny Frey,44.6,1933,1948,22-37,1535,6402,5517,848,1482,1089,263,69,61,549,105,57,752,525,0.269,0.359,0.374,0.734,104,2066,73,28,105,,42,44.6,22.8,38.4,13.3,51,23,24,47,57,46H958/7,"BRO,CHC,CIN,NYG,NYY"
117,Rocky Colavito,44.5,1955,1968,21-34,1841,7559,6503,971,1730,1052,283,21,374,1159,19,27,951,880,0.266,0.359,0.489,0.848,132,3177,182,29,16,60,58,44.5,21.2,40.5,-4.6,285,-22,-11,-33,59,*97H3/1,"CHW,CLE,DET,KCA,LAD,NYY"
118,Matt Holliday,44.4,2004,2018,24-38,1903,7981,7009,1157,2096,1280,468,32,316,1220,108,37,802,1362,0.299,0.379,0.51,0.889,132,3576,220,124,1,45,57,44.4,19.9,49.4,-13.3,332,-15,10,-4,-43,*7DH3,"COL,NYY,OAK,STL"
119,Cupid Childs,44.4,1888,1901,20-33,1457,6770,5622,1214,1721,1395,205,101,20,743,269,,991,228,0.306,0.416,0.389,0.805,120,2188,,63,90,,,44.4,22.4,43.1,4,249,0,-17,-17,28,*4/6,"CHC,CLV,PHI,STL,SYR"
120,Carlos Delgado,44.4,1993,2009,21-37,2035,8657,7283,1241,2038,1064,483,18,473,1512,14,8,1109,1745,0.28,0.383,0.546,0.929,138,3976,152,172,0,93,186,44.4,15.6,50.8,-17.2,372,-3,-26,-28,-65,3D7H/2,"FLA,NYM,TOR"
121,Nomar Garciaparra,44.3,1996,2009,22-35,1434,6116,5586,927,1747,1096,370,52,229,936,95,31,403,554,0.313,0.361,0.521,0.882,124,2908,129,59,5,63,54,44.3,24.3,43,6.5,189,3,1,4,15,635HD/4,"BOS,CHC,LAD,OAK"
122,Brett Gardner,44.3,2008,2021,24-37,1688,6614,5737,943,1470,1007,251,73,139,578,274,64,699,1245,0.256,0.342,0.398,0.74,100,2284,58,67,69,42,6,44.3,21.5,29.4,12.9,13,26,41,67,140,*78HD/9,NYY
123,Steve Finley,44.2,1989,2007,24-42,2583,10460,9397,1443,2548,1671,449,124,304,1167,320,118,844,1299,0.271,0.332,0.442,0.775,104,4157,152,53,91,75,69,44.2,12.2,44.5,3.5,34,33,29,62,-1,*8H97D/1,"ARI,BAL,COL,HOU,LAA,LAD,SDP,SFG"
124,George Foster,44.2,1969,1986,20-37,1977,7812,7023,986,1925,1223,307,47,348,1239,51,31,666,1419,0.274,0.338,0.48,0.818,126,3370,196,52,3,68,106,44.2,18.4,39,-3.4,230,-16,-10,-26,38,789H/D3,"CHW,CIN,NYM,SFG"
125,Al Dark,44,1946,1960,24-38,1828,7833,7219,1064,2089,1533,358,72,126,757,59,37,430,534,0.289,0.333,0.411,0.744,98,2969,134,54,95,31,38,44,14.6,42.4,12.2,-5,24,16,41,33,65H743/91,"BSN,CHC,MLN,NYG,PHI,STL"
126,Fred Tenney,44,1894,1911,22-39,1994,8834,7595,1278,2231,1862,270,77,22,688,285,,874,484,0.294,0.371,0.358,0.73,110,2721,,63,277,,,44,14.9,35.5,4,130,0,-22,-22,91,*3O2/H981,"BSN,NYG"
127,Adrián González,43.6,2004,2018,22-36,1929,8046,7139,997,2050,1284,437,12,317,1202,6,7,782,1401,0.287,0.358,0.485,0.843,129,3462,207,45,4,73,158,43.6,18.4,36.1,-3.4,263,-12,-34,-46,76,*3HD9,"BOS,LAD,NYM,SDP,TEX"
128,Jimmy Ryan,43.6,1885,1903,22-40,2014,9127,8172,1643,2513,1787,451,157,118,1093,419,,804,491,0.308,0.375,0.444,0.82,124,3632,,83,65,,,43.6,13.5,45.9,-10.1,284,0,-6,-6,-5,*O8619/457,"CHC,CHI,WSH"
129,Al Oliver,43.6,1968,1985,21-38,2368,9778,9049,1189,2743,1918,529,77,219,1326,84,64,535,756,0.303,0.344,0.451,0.795,121,4083,254,82,17,95,119,43.6,11.8,47.1,-12.7,229,-7,7,0,-38,837DH9,"LAD,MON,PHI,PIT,SFG,TEX,TOR"
130,Julio Franco,43.6,1982,2007,23-48,2527,9731,8677,1285,2586,1952,407,54,173,1194,281,107,917,1341,0.298,0.365,0.417,0.782,111,3620,312,38,19,80,67,43.6,12.3,48.5,-2.8,156,-25,17,-8,-42,463HD/579,"ATL,CHW,CLE,MIL,NYM,PHI,TBD,TEX"
131,Charlie Keller,43.6,1939,1952,22-35,1170,4604,3790,725,1085,658,166,72,189,760,45,23,784,499,0.286,0.41,0.518,0.928,152,1962,50,10,20,,50,43.6,29.4,39.6,-0.9,282,13,1,13,38,7H9,"DET,NYY"
132,Fielder Jones,43.4,1896,1915,24-43,1788,7924,6747,1180,1920,1618,206,75,21,631,359,,817,422,0.285,0.368,0.347,0.715,112,2339,,76,254,,,43.4,15.4,35.5,1.4,157,0,-11,-11,73,*8O9/H6,"BRO,CHW,SLM"
133,Dolph Camilli,43.2,1933,1945,26-38,1490,6354,5353,936,1482,896,261,86,239,950,60,45,947,961,0.277,0.388,0.492,0.88,136,2632,80,28,24,,87,43.2,21.3,40.8,-5,252,6,2,8,24,*3H,"BOS,BRO,CHC,PHI"
134,Amos Otis,42.8,1967,1984,20-37,1998,8247,7299,1092,2020,1387,374,66,193,1007,341,93,757,1008,0.277,0.343,0.425,0.768,115,3105,158,33,54,103,53,42.8,14.8,47.1,-3.8,135,-6,42,36,-34,*8H79D/5,"KCR,NYM,PIT"
135,Jorge Posada,42.7,1995,2011,24-40,1829,7150,6092,900,1664,1000,379,10,275,1065,20,21,936,1453,0.273,0.374,0.474,0.848,121,2888,186,74,1,47,78,42.7,17.3,48.6,2.6,204,-15,-34,-49,-60,2DH3/4,NYY
136,Ken Williams,42.7,1915,1929,25-39,1397,5625,4862,860,1552,994,285,77,196,916,154,109,566,287,0.319,0.393,0.53,0.924,138,2579,,28,160,,14,42.7,21.3,40.6,-3.6,267,0,-7,-7,21,78H/349,"BOS,CIN,SLB"
137,Wally Berger,42.5,1930,1940,24-34,1350,5666,5163,809,1550,950,299,59,242,898,36,41,435,693,0.3,0.359,0.522,0.881,138,2693,69,38,27,,46,42.5,23.6,40.9,-1.3,248,4,-1,3,20,*87H39,"BSN,CIN,NYG,PHI"
138,José Canseco,42.4,1985,2001,20-36,1887,8129,7057,1186,1877,1061,340,14,462,1407,200,88,906,1942,0.266,0.353,0.515,0.867,132,3631,178,84,1,81,63,42.4,15.4,45.9,-13.8,300,-18,5,-13,-30,D97H/18,"BOS,CHW,NYY,OAK,TBD,TEX,TOR"
139,Don Mattingly,42.4,1982,1995,21-34,1785,7722,7003,1007,2153,1469,442,20,222,1099,14,9,588,444,0.307,0.358,0.471,0.83,127,3301,191,21,13,96,136,42.4,17.6,39.7,-6.2,227,0,4,4,33,*3D9H7/548,NYY
140,Lenny Dykstra,42.4,1985,1996,22-33,1278,5282,4559,802,1298,893,281,43,81,404,285,72,640,503,0.285,0.375,0.419,0.793,120,1908,39,31,25,27,50,42.4,26.2,36.7,7.1,133,6,46,52,46,8H7,"NYM,PHI"
141,Davey Lopes,42.3,1972,1987,27-42,1812,7340,6354,1023,1671,1234,232,50,155,614,557,114,833,852,0.263,0.349,0.388,0.737,107,2468,126,31,74,48,38,42.3,19.2,44.8,1.7,85,-2,83,81,-27,4H8795D6,"CHC,HOU,LAD,OAK"
142,Felipe Alou,42.3,1958,1974,23-39,2082,7908,7339,985,2101,1487,359,49,206,852,107,67,423,706,0.286,0.328,0.433,0.761,113,3176,135,57,33,56,67,42.3,13.4,36.1,-3.2,127,4,16,20,51,9837H/56D,"ATL,MIL,MLN,MON,NYY,OAK,SFG"
143,Mike Tiernan,42.3,1887,1899,20-32,1478,6732,5915,1316,1838,1313,257,162,106,853,428,,748,376,0.311,0.392,0.463,0.855,138,2737,,41,28,,,42.3,19.6,43.5,-8.2,328,0,5,5,2,*O/1,NYG
144,Darryl Strawberry,42.2,1983,1999,21-37,1583,6326,5418,898,1401,772,256,38,335,1000,221,99,816,1352,0.259,0.357,0.505,0.862,138,2738,64,38,1,53,131,42.2,20.9,42,-7.2,256,11,-2,8,-7,9DH78,"LAD,NYM,NYY,SFG"
145,Ben Chapman,42.1,1930,1946,21-37,1717,7427,6478,1144,1958,1354,407,107,90,977,287,135,824,556,0.302,0.383,0.44,0.823,114,2849,52,26,92,,20,42.1,16.4,37.7,0.5,168,0,10,9,50,89754H1/6,"BOS,BRO,CHW,CLE,NYY,PHI,WSH"
146,Gary Gaetti,42.1,1981,2000,22-41,2507,9817,8951,1130,2280,1438,443,39,360,1341,96,65,634,1602,0.255,0.308,0.434,0.741,97,3881,236,96,32,104,57,42.1,10.1,29.8,15.9,-34,-10,-9,-20,131,*53HD67/14,"BOS,CAL,CHC,KCR,MIN,STL"
147,Bill Nicholson,42,1936,1953,21-38,1677,6420,5546,837,1484,917,272,60,235,948,27,25,800,828,0.268,0.365,0.465,0.83,132,2581,61,52,20,,131,42,19.1,41,-6,215,20,4,25,14,9H7,"CHC,PHA,PHI"
148,Nelson Cruz,42,2005,2023,24-42,2055,8396,7501,1090,2053,1202,372,15,464,1325,84,32,738,1916,0.274,0.343,0.513,0.856,130,3847,179,86,2,60,78,42,12.9,43.6,-14.7,293,-13,-16,-29,-16,D97H/38,"BAL,MIL,MIN,SDP,SEA,TBR,TEX,WSN"
149,Curt Flood,41.9,1956,1971,18-33,1759,6958,6357,851,1861,1461,271,44,85,636,88,73,444,609,0.293,0.342,0.389,0.732,100,2475,117,52,72,33,22,41.9,16.7,30.3,10.6,23,10,18,28,99,*8H/5749,"CIN,STL,WSA"
150,Plácido Polanco,41.9,1998,2013,22-37,1927,7887,7214,1009,2142,1658,348,32,104,723,81,30,429,538,0.297,0.343,0.397,0.74,95,2866,201,101,86,56,13,41.9,17.2,27.9,19,-16,-3,8,6,138,456H/7D3,"DET,MIA,PHI,STL"
151,Ken Singleton,41.8,1970,1984,23-37,2082,8559,7189,985,2029,1441,317,25,246,1065,21,36,1263,1246,0.282,0.388,0.436,0.824,132,3134,248,17,29,60,125,41.8,13.9,48.5,-17.3,326,-21,-10,-32,-61,9D7H/8,"BAL,MON,NYM"
152,Doug DeCinces,41.8,1973,1987,22-36,1649,6534,5809,778,1505,927,312,29,237,879,58,48,618,904,0.259,0.329,0.445,0.774,115,2586,176,21,22,64,57,41.8,20.3,36.4,9.7,114,-16,2,-14,56,5H4D63/7,"BAL,CAL,STL"
153,Harlond Clift,41.7,1934,1945,21-32,1582,6895,5730,1070,1558,1009,309,62,178,829,69,43,1070,713,0.272,0.39,0.441,0.831,116,2525,51,41,53,,30,41.7,19,41.7,2.1,168,0,23,23,3,*5H/467,"SLB,WSH"
154,Yadier Molina,41.7,2004,2022,21-39,2224,8554,7817,777,2168,1577,408,7,176,1022,71,37,542,922,0.277,0.327,0.399,0.726,96,3118,287,76,43,75,50,41.7,15,27.9,27.6,-49,-28,-39,-66,136,*23H/D15,STL
155,Jason Kendall,41.7,1996,2010,22-36,2085,8702,7627,1030,2195,1691,394,35,75,744,189,89,721,686,0.288,0.366,0.378,0.744,95,2884,176,254,36,63,51,41.7,14.6,40.8,13.9,19,8,-5,3,17,*2H79/D,"CHC,KCR,MIL,OAK,PIT"
156,Eddie Stanky,41.6,1943,1953,27-37,1259,5439,4301,811,1154,905,185,35,29,364,48,39,996,374,0.268,0.41,0.348,0.758,109,1496,62,35,103,,6,41.6,22.3,39.6,8.6,127,2,12,15,25,*4H6/5,"BRO,BSN,CHC,NYG,STL"
157,Dick Bartell,41.5,1927,1946,19-38,2016,8745,7629,1130,2165,1573,442,71,79,710,109,78,748,627,0.284,0.355,0.391,0.747,96,2986,102,97,269,,23,41.5,13.1,37.9,15.7,-15,-5,-1,-6,40,654H,"CHC,DET,NYG,PHI,PIT"
158,Andy Van Slyke,41.3,1983,1995,22-34,1658,6495,5711,835,1562,1014,293,91,164,792,245,59,667,1063,0.274,0.349,0.443,0.792,119,2529,94,27,12,61,55,41.3,20.2,37.6,2.9,122,7,31,38,26,*89H735,"BAL,PHI,PIT,STL"
159,Jack Fournier,41.2,1912,1927,19-34,1530,6034,5208,822,1631,1130,252,113,136,859,146,102,587,424,0.313,0.392,0.483,0.875,142,2517,,89,149,,19,41.2,20.5,44.9,-9.7,302,0,-5,-5,-31,3H789/1,"BRO,BSN,CHW,NYY,STL"
160,Mark Belanger,41,1965,1982,21-38,2016,6602,5784,676,1316,1088,175,33,20,389,167,75,576,839,0.228,0.3,0.28,0.58,68,1617,83,42,155,45,22,41,18,14.7,39.5,-219,12,16,28,241,*6H4/5,"BAL,LAD"
161,Hardy Richardson,40.9,1879,1892,24-37,1334,6044,5657,1127,1694,1190,305,126,73,828,207,,377,446,0.299,0.344,0.437,0.781,131,2470,,10,,,,40.9,21.3,37.9,3,214,0,4,4,54,4O563/21,"BOS,BSN,BUF,DTN,NYG,WHS"
162,Darrell Porter,40.8,1971,1987,19-35,1782,6570,5539,765,1369,896,237,48,188,826,39,37,905,1025,0.247,0.354,0.409,0.763,113,2266,102,45,18,63,106,40.8,18.4,39.8,10.6,81,1,-5,-4,9,2HD/3,"KCR,MIL,STL,TEX"
163,Gil McDougald,40.8,1951,1960,23-32,1336,5398,4676,697,1291,941,187,51,112,576,45,44,559,623,0.276,0.356,0.41,0.766,111,1916,93,36,97,27,15,40.8,24.2,31.3,14,94,2,7,9,90,456H,NYY
164,Mike Griffin,40.8,1887,1898,22-33,1513,6848,5923,1406,1755,1291,314,108,42,720,473,,809,284,0.296,0.388,0.407,0.795,123,2411,,78,38,,,40.8,20.5,35.6,-0.8,264,0,5,5,66,*O6/4,"BAL,BRO,PHQ"
165,Pete Browning,40.6,1882,1894,21-33,1183,5315,4820,954,1646,1220,295,85,46,659,258,,466,245,0.341,0.403,0.467,0.869,163,2249,,29,0,,,40.6,27.3,42.4,-5.8,404,0,-3,-3,-17,O5463/1,"BRO,CIN,CLE,LOU,PIT,STL"
166,Roy Thomas,40.6,1899,1911,25-37,1470,6602,5296,1011,1537,1377,100,53,7,299,244,,1042,521,0.29,0.413,0.333,0.747,124,1764,,71,166,,,40.6,19.5,38.6,-2.3,235,0,-20,-20,23,*8O7H39/1,"BSN,PHI,PIT"
167,Tim Salmon,40.6,1992,2006,23-37,1672,7039,5934,986,1674,1012,339,24,299,1016,48,42,970,1360,0.282,0.385,0.498,0.884,128,2958,98,67,0,68,45,40.6,16.1,44.6,-11,277,4,4,8,-42,9DH/78,"ANA,CAL,LAA"
168,David Justice,40.6,1989,2002,23-36,1610,6602,5625,929,1571,962,280,24,305,1017,53,46,903,999,0.279,0.378,0.5,0.878,129,2814,101,18,1,54,85,40.6,18.9,34.8,-2.6,228,4,-16,-12,51,9D73H/8,"ATL,CLE,NYY,OAK"
169,Jim Sundberg,40.5,1974,1989,23-38,1962,6899,6021,621,1493,1119,243,36,95,624,20,37,699,963,0.248,0.327,0.348,0.674,90,2093,159,22,118,38,31,40.5,17.6,28.7,25.3,-58,-5,-12,-17,114,*2H/7D,"CHC,KCR,MIL,TEX"
170,Carney Lansford,40.4,1978,1992,21-35,1862,7905,7158,1007,2074,1551,332,40,151,874,224,104,553,719,0.29,0.343,0.411,0.753,111,2939,166,64,53,77,45,40.4,14.8,45.9,-2.1,141,3,18,21,-46,*53DH/64,"BOS,CAL,OAK"
171,Anthony Rizzo,40.4,2011,2024,21-34,1727,7336,6288,922,1644,981,338,22,303,965,72,44,781,1208,0.261,0.361,0.467,0.828,123,2935,149,222,0,45,75,40.4,17.4,32.6,-1.8,213,1,-25,-24,80,*3HD4/157,"CHC,NYY,SDP"
172,Ryan Zimmerman,40.1,2005,2021,20-36,1799,7402,6654,963,1846,1123,417,22,284,1061,43,16,646,1384,0.277,0.341,0.475,0.816,116,3159,212,31,1,69,43,40.1,17.5,35.2,3.9,143,-14,9,-4,53,53H7D/6,WSN
173,Albert Belle,40.1,1989,2000,22-33,1539,6676,5853,974,1726,935,389,21,381,1239,88,41,683,961,0.295,0.369,0.564,0.933,144,3300,193,55,4,78,91,40.1,17.2,46.2,-12.3,343,-26,-5,-32,-63,*79DH,"BAL,CHW,CLE"
174,Dave Concepción,40.1,1970,1988,22-40,2488,9641,8723,993,2326,1788,389,48,101,950,321,109,736,1186,0.267,0.322,0.357,0.679,88,3114,266,21,74,86,93,40.1,8.3,33.1,21.4,-120,-11,20,10,52,*6H453/81,CIN
175,Clyde Milan,40,1907,1922,20-35,1982,8338,7359,1004,2100,1738,240,105,17,617,495,109,685,407,0.285,0.353,0.353,0.706,109,2601,,80,188,,,40,8,39.6,-5.7,102,0,24,24,9,*87H9,WSH
176,George Gore,39.9,1879,1892,25-38,1310,6104,5357,1327,1612,1210,262,94,46,618,170,,717,332,0.301,0.386,0.411,0.797,136,2200,,30,,,,39.9,20,38.5,-4,286,0,-8,-8,33,*O3/5,"CHC,NYG,NYI,STL"
177,Moisés Alou,39.9,1990,2008,23-41,1942,7913,7037,1109,2134,1342,421,39,332,1287,106,37,737,894,0.303,0.369,0.516,0.885,128,3629,195,48,9,82,91,39.9,15.9,41.8,-9.6,288,-13,-10,-23,-16,*798HD,"CHC,FLA,HOU,MON,NYM,PIT,SFG"
178,George Van Haltren,39.9,1887,1903,21-37,1990,9020,8043,1642,2544,2028,286,161,69,1015,583,,871,498,0.316,0.386,0.418,0.803,122,3359,,38,65,,,39.9,11.8,44.4,-11.3,273,0,6,6,-39,*O8169/H7453,"BAL,BLN,BWW,CHC,NYG,PIT"
179,George Burns,39.9,1911,1925,21-35,1853,8254,7241,1188,2077,1566,362,108,41,611,383,174,872,565,0.287,0.366,0.384,0.749,114,2778,,26,112,,0,39.9,14.7,32.8,-2.4,144,0,1,1,70,*798H/5,"CIN,NYG,PHI"
180,Reggie Sanders,39.8,1991,2007,23-39,1777,7043,6241,1037,1666,960,341,60,305,983,304,115,674,1614,0.267,0.343,0.487,0.83,115,3042,121,71,14,43,49,39.8,18.2,31.8,1.8,148,2,19,21,82,978HD,"ARI,ATL,CIN,KCR,PIT,SDP,SFG,STL"
181,Maury Wills,39.6,1959,1972,26-39,1942,8306,7588,1067,2134,1866,177,71,20,458,586,208,552,684,0.281,0.33,0.331,0.661,88,2513,92,16,119,29,26,39.6,10.6,38.4,12.2,-92,21,55,77,0,*65H/4,"LAD,MON,PIT"
182,Babe Herman,39.5,1926,1945,23-42,1552,6230,5603,882,1818,1128,399,110,181,997,94,93,520,553,0.324,0.383,0.532,0.915,141,2980,43,11,92,,46,39.5,19.1,42.9,-9.7,316,-1,-11,-12,-31,937H,"BRO,CHC,CIN,DET,PIT"
183,Tommy Henrich,39.5,1937,1950,24-37,1284,5411,4603,901,1297,772,269,73,183,795,37,19,712,383,0.282,0.382,0.491,0.873,132,2261,62,34,60,,14,39.5,22.9,36.8,-2.5,222,15,22,38,26,93H87,NYY
184,Lance Parrish,39.5,1977,1995,21-39,1988,7797,7067,856,1782,1126,305,27,324,1070,28,37,612,1527,0.252,0.313,0.44,0.753,106,3113,197,37,23,58,62,39.5,13.7,36,15.3,32,-22,-27,-49,40,2DH3/97,"CAL,CLE,DET,PHI,PIT,SEA,TOR"
185,Rafael Furcal,39.5,2000,2014,22-36,1614,7237,6477,1063,1817,1324,311,69,113,587,314,94,643,910,0.281,0.346,0.402,0.748,96,2605,84,22,55,39,24,39.5,18.6,32.8,15,-18,11,53,63,68,*6H4,"ATL,LAD,MIA,STL"
186,Jesse Barfield,39.4,1981,1992,21-32,1428,5394,4759,715,1219,732,216,30,241,716,66,47,551,1234,0.256,0.335,0.466,0.802,117,2218,100,34,16,34,49,39.4,21.9,23,12.2,104,-2,-9,-11,161,*9H8D/7,"NYY,TOR"
187,Jake Daubert,39.4,1910,1924,26-40,2014,8749,7673,1117,2326,1855,250,165,56,722,251,99,623,489,0.303,0.36,0.401,0.76,117,3074,,54,392,,0,39.4,12,38,-6.3,177,0,-10,-10,23,*3H,"BRO,CIN"
188,Donie Bush,39.4,1908,1923,20-35,1945,8775,7210,1281,1804,1535,186,74,9,445,406,93,1158,630,0.25,0.356,0.3,0.656,91,2165,,29,337,,,39.4,7.3,43.5,10.7,-41,0,7,7,-34,*654H,"DET,WSH"
189,Carl Crawford,39.2,2002,2016,20-34,1716,7178,6655,998,1931,1363,309,123,136,766,480,109,377,1067,0.29,0.33,0.435,0.765,105,2894,79,47,34,48,24,39.2,14.4,32.1,1.5,46,35,48,83,73,*7H8D,"BOS,LAD,TBD,TBR"
190,Boog Powell,39.1,1961,1977,19-35,2042,7810,6681,889,1776,1156,270,11,339,1187,20,21,1001,1226,0.266,0.361,0.462,0.822,134,3085,164,29,27,72,140,39.1,12.5,42.5,-14,258,-4,-12,-16,-12,37H/D9,"BAL,CLE,LAD"
191,Rico Petrocelli,39.1,1963,1976,20-33,1553,6171,5390,653,1352,883,237,22,210,773,10,22,661,926,0.251,0.332,0.42,0.752,108,2263,127,26,36,57,61,39.1,17.5,32.7,14.4,55,-10,-11,-21,67,65HD/43,BOS
192,Paul O'Neill,38.9,1985,2001,22-38,2053,8329,7318,1041,2105,1352,451,21,281,1269,141,73,892,1166,0.288,0.363,0.47,0.833,120,3441,221,22,7,90,107,38.9,10.7,37.4,-5.9,195,-13,-9,-21,7,*9H73D8/1,"CIN,NYY"
193,Magglio Ordóñez,38.8,1997,2011,23-37,1848,7745,6978,1076,2156,1415,426,21,294,1236,94,50,651,852,0.309,0.369,0.502,0.871,125,3506,242,45,3,65,36,38.8,11.4,43.4,-11,262,-24,-7,-31,-45,*9DH8,"CHW,DET"
194,Charlie Bennett,38.8,1878,1893,23-38,1062,4310,3821,549,978,653,203,67,55,533,42,,478,572,0.256,0.34,0.387,0.728,119,1480,,11,,,,38.8,23.3,27.5,17.5,76,0,-7,-7,136,2O54/63,"BSN,DTN,MLG,WOR"
195,Ed McKean,38.7,1887,1899,23-35,1655,7626,6894,1227,2084,1587,272,158,67,1124,324,,636,257,0.302,0.365,0.417,0.781,114,2873,,39,57,,,38.7,14.7,43.9,4,150,0,-12,-12,-48,*6O43/5,"CLE,CLV,STL"
196,Juan González,38.7,1989,2005,19-35,1689,7155,6556,1061,1936,1089,388,25,434,1404,26,19,457,1273,0.295,0.343,0.561,0.904,132,3676,184,62,2,78,74,38.7,13.7,44.2,-11.6,275,-19,5,-14,-54,9D78H,"CLE,DET,KCR,TEX"
197,Kent Hrbek,38.6,1981,1994,21-34,1747,7137,6192,903,1749,1126,312,18,293,1086,37,26,838,798,0.282,0.367,0.481,0.848,128,2976,165,26,15,66,110,38.6,15.1,37.5,-7.7,217,-1,-1,-2,16,*3DH/5,MIN
198,Russell Martin,38.6,2006,2019,23-36,1693,6648,5701,803,1416,961,255,9,191,771,101,51,792,1211,0.248,0.349,0.397,0.746,101,2262,190,107,12,36,46,38.6,17,33.1,16.4,32,-13,-10,-23,56,*2H5D/14679,"LAD,NYY,PIT,TOR"
199,Bill White,38.5,1956,1969,22-35,1673,6680,5972,843,1706,1161,278,65,202,870,103,68,596,927,0.286,0.351,0.455,0.806,117,2720,82,28,39,45,70,38.5,13.4,32.1,-3.1,134,18,-1,18,57,*3H789,"NYG,PHI,SFG,STL"
200,Lonnie Smith,38.5,1978,1994,22-38,1613,5952,5170,909,1488,1059,273,58,98,533,370,140,623,849,0.288,0.371,0.42,0.791,118,2171,69,92,21,46,19,38.5,19,35,-2.3,155,5,35,40,24,7H8D9,"ATL,BAL,KCR,PHI,PIT,STL"
201,Tim Wallach,38.5,1980,1996,22-38,2212,8908,8099,908,2085,1357,432,36,260,1125,51,66,649,1307,0.257,0.316,0.416,0.732,102,3369,192,77,6,77,89,38.5,9.1,29.5,10.5,34,-11,-28,-39,67,*53H9/D7146,"CAL,LAD,MON"
202,Kirk Gibson,38.4,1979,1995,22-38,1635,6656,5798,985,1553,984,260,54,255,870,284,78,718,1285,0.268,0.352,0.463,0.815,123,2686,72,61,23,56,72,38.4,16.7,39.2,-6.4,176,16,30,46,-6,79D8H,"DET,KCR,LAD,PIT"
203,Johnny Callison,38.4,1958,1973,19-34,1886,7437,6652,926,1757,1121,321,89,226,840,74,51,650,1064,0.264,0.331,0.441,0.773,115,2934,98,41,51,43,73,38.4,11.2,32.3,-2.8,111,14,1,15,47,*97H8D,"CHC,CHW,NYY,PHI"
204,Harry Davis,38.4,1895,1917,21-43,1755,7391,6653,1001,1841,1260,361,145,75,951,285,2,525,644,0.277,0.335,0.408,0.743,119,2717,,59,142,,,38.4,10.9,37.1,-4,132,0,-1,-1,13,3O5H/84672,"CLE,LOU,NYG,PHA,PIT,WHS"
205,Chili Davis,38.3,1981,1999,21-39,2435,9997,8673,1240,2380,1576,424,30,350,1372,142,98,1194,1698,0.274,0.36,0.451,0.811,121,3914,232,15,20,94,188,38.3,4.1,39.5,-14.1,218,-15,-26,-41,-15,D897H/13,"CAL,KCR,MIN,NYY,SFG"
206,Eric Chávez,38.3,1998,2014,20-36,1615,6228,5518,816,1477,875,318,24,260,902,50,17,639,1079,0.268,0.342,0.475,0.818,115,2623,132,15,0,55,77,38.3,16.4,34.4,6.3,94,3,9,12,41,5HD3/67,"ARI,NYY,OAK"
207,Hanley Ramírez,38.2,2005,2019,21-35,1668,7127,6349,1049,1834,1156,375,32,271,917,281,93,660,1234,0.289,0.36,0.486,0.847,124,3086,137,71,11,36,65,38.2,16,49.6,-8.4,222,4,20,24,-108,6D357H,"BOS,CLE,FLA,LAD,MIA"
208,Bill Madlock,38.2,1973,1987,22-36,1806,7372,6594,920,2008,1463,348,34,163,860,174,90,605,510,0.305,0.365,0.442,0.807,123,2913,190,68,36,69,121,38.2,13.8,49.1,-8.7,208,-8,10,2,-107,54HD3,"CHC,DET,LAD,PIT,SFG,TEX"
209,Roger Maris,38.2,1957,1968,22-33,1463,5847,5101,826,1325,813,195,42,275,850,21,9,652,733,0.26,0.345,0.476,0.822,127,2429,75,38,12,43,42,38.2,19.7,34.5,-1.6,180,10,19,28,45,*98H7,"CLE,KCA,NYY,STL"
210,Lorenzo Cain,38.2,2010,2022,24-36,1171,4758,4314,626,1220,884,225,24,87,454,190,44,362,854,0.283,0.343,0.407,0.749,102,1754,109,49,0,32,14,38.2,22.2,23.9,16.6,27,0,31,31,138,89H/D7,"KCR,MIL"
211,Sid Gordon,38.2,1941,1955,23-37,1475,5814,4992,735,1415,950,220,43,202,805,19,26,731,356,0.283,0.377,0.466,0.843,129,2327,174,22,54,12,42,38.2,15.8,38.7,-4.5,220,-15,0,-14,3,759H3/84,"BSN,MLN,NYG,PIT"
212,Ray Lankford,38.2,1990,2004,23-37,1701,6675,5747,968,1561,913,356,54,238,874,258,117,828,1550,0.272,0.364,0.477,0.84,123,2739,77,36,10,53,68,38.2,17.9,38.2,0.5,172,3,5,8,3,*87H/D9,"SDP,STL"
213,Max Bishop,38.1,1924,1935,24-35,1338,5793,4494,966,1216,904,236,35,41,379,40,58,1156,452,0.271,0.423,0.366,0.789,103,1645,,31,98,,4,38.1,16.8,33.3,8.7,96,-1,-5,-5,50,*4H3/6,"BOS,PHA"
214,Steve Garvey,38.1,1969,1987,20-38,2332,9466,8835,1143,2599,1844,440,43,272,1308,83,62,479,1003,0.294,0.329,0.446,0.775,117,3941,251,29,33,90,113,38.1,7,36.8,-11.6,182,-11,1,-10,0,*35H/7469,"LAD,SDP"
215,Troy Glaus,38.1,1998,2010,21-33,1537,6355,5410,889,1375,752,293,10,320,950,56,29,854,1377,0.254,0.358,0.489,0.847,119,2648,138,46,0,45,40,38.1,16.6,37,3,154,-14,3,-11,14,53DH6,"ANA,ARI,ATL,STL,TOR"
216,Paul Blair,37.8,1964,1980,20-36,1947,6673,6042,776,1513,1042,282,55,134,620,171,93,449,877,0.25,0.302,0.382,0.684,96,2307,126,23,108,51,23,37.8,14.7,18.8,18.8,-33,0,3,2,174,*8H97/45D6,"BAL,CIN,NYY"
217,Terry Turner,37.7,1901,1919,20-38,1659,6666,5921,699,1499,1207,207,77,8,528,256,31,435,492,0.253,0.308,0.318,0.626,89,1884,,34,268,,,37.7,11.6,25.8,20.1,-73,0,4,4,102,6549H/8,"CLE,PHA,PIT"
218,Jeff Heath,37.7,1936,1949,21-34,1383,5561,4937,777,1447,872,279,102,194,887,56,48,593,670,0.293,0.37,0.509,0.879,139,2512,59,10,20,,73,37.7,19.6,37.1,-5.4,237,10,-3,7,7,79H8,"BSN,CLE,SLB,WSH"
219,Frank Howard,37.6,1958,1973,21-36,1895,7353,6488,864,1774,1112,245,35,382,1119,8,9,782,1460,0.273,0.352,0.499,0.851,142,3235,219,33,7,43,135,37.6,11.3,51.4,-24,347,-22,-7,-30,-110,793HD,"DET,LAD,TEX,WSA"
220,Lu Blue,37.6,1921,1933,24-36,1615,7223,5904,1152,1696,1224,319,109,44,695,151,91,1092,436,0.287,0.402,0.401,0.803,109,2365,0,43,168,,9,37.6,10.8,33.9,-3.3,141,1,7,8,36,*3H/8,"BRO,CHW,DET,SLB"
221,Dick McAuliffe,37.5,1960,1975,20-35,1763,7162,6185,888,1530,1031,231,71,197,696,63,59,882,974,0.247,0.343,0.403,0.746,109,2494,77,33,32,30,59,37.5,13.9,42.3,4.1,72,13,8,21,-26,465H/D,"BOS,DET"
222,Cy Williams,37.4,1912,1930,24-42,2002,7727,6780,1024,1981,1350,306,74,251,1005,115,99,690,721,0.292,0.365,0.47,0.835,125,3188,,86,164,,25,37.4,12.4,41.3,-9.8,229,0,-12,-12,-34,89H7,"CHC,PHI"
223,José Reyes,37.2,2003,2018,20-35,1877,8240,7552,1180,2138,1475,387,131,145,719,517,127,589,914,0.283,0.334,0.427,0.761,103,3222,82,11,50,38,56,37.2,13.1,45.1,1.5,43,23,54,77,-73,654H/178,"COL,MIA,NYM,TOR"
224,Jay Bell,37.1,1986,2003,20-37,2063,8525,7398,1123,1963,1307,394,67,195,860,91,60,853,1443,0.265,0.343,0.416,0.759,101,3076,165,57,159,58,25,37.1,11.3,38.3,9.2,33,-7,5,-2,-13,64H53D,"ARI,CLE,KCR,NYM,PIT"
225,Fred Dunlap,37.1,1880,1891,21-32,965,4264,3974,759,1159,841,224,53,41,366,85,,283,263,0.292,0.34,0.406,0.745,134,1612,,7,,,,37.1,23.7,30.6,8.9,172,0,-1,-1,80,*4/O15,"CLV,DTN,NYI,PIT,SLM,WAS"
226,Phil Cavarretta,37.1,1934,1955,17-38,2030,7703,6754,990,1977,1436,347,99,95,920,65,54,820,598,0.293,0.372,0.416,0.788,118,2807,103,37,89,1,77,37.1,9.9,40.3,-10.9,174,16,13,29,-26,38H97,"CHC,CHW"
227,Dusty Baker,37,1968,1986,19-37,2039,8022,7117,964,1981,1396,320,23,242,1013,137,73,762,926,0.278,0.347,0.432,0.779,116,3073,158,30,27,85,52,37,10.9,35.5,-6,162,-4,1,-3,7,789H3D,"ATL,LAD,OAK,SFG"
228,Kyle Seager,37,2011,2021,23-33,1480,6204,5561,705,1395,830,309,14,242,807,55,27,533,1120,0.251,0.321,0.442,0.763,112,2458,107,63,5,42,35,37,15.6,33.1,7.7,80,-2,-6,-8,35,*5D4H6,SEA
229,Kip Selbach,37,1894,1906,22-34,1612,7122,6165,1066,1807,1313,301,149,44,779,334,,785,358,0.293,0.377,0.412,0.788,121,2538,,42,110,,,37,11.7,35.4,-6.5,208,0,0,0,26,*O7968H/45,"BLA,BOS,CIN,NYG,WHS,WSH"
230,Herman Long,36.9,1889,1904,23-38,1875,8512,7678,1456,2129,1599,342,97,91,1055,537,,612,462,0.277,0.335,0.383,0.718,94,2938,,57,158,,,36.9,8.8,31.4,16.8,-84,0,20,20,72,*64O/35H,"BSN,DET,KCC,NYY,PHI"
231,José Bautista,36.8,2004,2018,23-37,1798,7244,6051,1022,1496,823,312,17,344,975,70,32,1032,1394,0.247,0.361,0.475,0.836,124,2874,170,80,23,58,58,36.8,12.7,40.3,-7.8,218,-16,-8,-24,-33,95DH873/4,"ATL,BAL,KCR,NYM,PHI,PIT,TBD,TOR"
232,Dick Groat,36.8,1952,1967,21-36,1929,8180,7484,829,2138,1680,352,67,39,707,14,27,490,512,0.286,0.33,0.366,0.696,89,2741,220,31,122,52,39,36.8,6.2,32.3,17.3,-98,-5,5,0,48,*6H5/34,"PHI,PIT,SFG,STL"
233,Garry Maddox,36.8,1972,1986,22-36,1749,6777,6331,777,1802,1286,337,62,117,754,248,92,323,781,0.285,0.32,0.413,0.733,101,2614,99,36,25,60,60,36.8,14.7,24.8,11.4,7,13,15,28,100,*8H7/9,"PHI,SFG"
234,Wally Moses,36.7,1935,1951,24-40,2012,8256,7356,1124,2138,1504,435,110,89,679,174,81,821,457,0.291,0.364,0.416,0.779,109,3060,58,21,55,,31,36.7,10.7,33.2,-4.2,122,26,11,37,32,*9H8/7,"BOS,CHW,PHA"
235,Andrelton Simmons,36.7,2012,2022,22-32,1225,4816,4441,501,1169,875,201,23,70,444,72,24,304,461,0.263,0.312,0.366,0.678,87,1626,163,26,16,29,15,36.7,20.6,15.5,28,-70,-8,9,2,197,*64H/D1,"ATL,CHC,LAA,MIN"
236,Bill Bradley,36.6,1899,1915,21-37,1461,6052,5430,754,1471,1078,275,84,34,552,181,,290,531,0.271,0.317,0.371,0.688,108,2016,,73,253,,,36.6,14.5,30.5,11.8,47,0,-6,-6,59,563H/1,"BTT,CHC,CLE,KCP"
237,George Scott,36.6,1966,1979,22-35,2034,8269,7433,957,1992,1355,306,60,271,1051,69,57,699,1418,0.268,0.333,0.435,0.767,114,3231,277,53,22,62,85,36.6,7.7,28.1,-1.4,125,-36,-2,-38,85,*35HD,"BOS,KCR,MIL,NYY"
238,Andy Pafko,36.6,1943,1959,22-38,1852,7028,6292,844,1796,1257,264,62,213,976,38,47,561,477,0.285,0.35,0.449,0.799,117,2823,164,76,82,15,65,36.6,10.2,36.5,-3.4,153,-7,-4,-11,12,8975H,"BRO,CHC,MLN"
239,Don Money,36.4,1968,1983,21-36,1720,6998,6215,798,1623,1109,302,36,176,729,80,51,600,866,0.261,0.328,0.406,0.734,106,2525,121,40,90,53,45,36.4,13,33.7,5.2,70,1,3,4,23,54D63H7,"MIL,PHI"
240,Kevin Kiermaier,36.3,2013,2024,23-34,1159,4040,3682,499,905,580,170,60,95,378,132,39,277,908,0.246,0.304,0.402,0.706,95,1480,51,41,22,18,12,36.3,22.6,17.8,21,-24,18,18,36,175,89H/D7,"LAD,TBR,TOR"
241,Don Buford,36.2,1963,1972,26-35,1286,5347,4553,718,1203,909,157,44,93,418,200,105,672,575,0.264,0.362,0.379,0.741,115,1727,34,41,47,34,57,36.2,18.4,30.7,5.2,102,11,11,21,61,745H8/9,"BAL,CHW"
242,Eric Davis,36.1,1984,2001,22-39,1626,6147,5321,938,1430,883,239,26,282,934,349,66,740,1398,0.269,0.359,0.482,0.841,125,2567,112,33,3,50,59,36.1,16.1,42.9,-9.1,197,-1,49,48,-65,879HD/3,"BAL,CIN,DET,LAD,SFG,STL"
243,Art Devlin,36.1,1904,1913,24-33,1313,5253,4412,603,1185,954,164,57,10,508,285,8,576,345,0.269,0.364,0.338,0.702,109,1493,,84,169,,,36.1,18.9,31.1,10.2,69,0,8,8,46,*536H/47,"BSN,NYG"
244,Ed Williamson,36.1,1878,1890,20-32,1201,5082,4553,809,1159,782,228,85,64,667,88,,506,532,0.255,0.332,0.384,0.716,114,1749,,23,,,,36.1,18.4,29.2,13,65,0,-2,-2,87,5621/43,"CHC,CHI,IND"
245,Cecil Cooper,36,1971,1987,21-37,1896,7939,7349,1012,2192,1489,415,47,241,1125,89,49,448,911,0.298,0.337,0.466,0.803,121,3424,150,17,46,79,79,36,10.3,34.9,-9.8,174,9,5,14,15,3DH,"BOS,MIL"
246,Freddy Parent,35.9,1899,1911,23-35,1327,5592,4984,633,1306,1032,180,74,20,471,184,,333,337,0.262,0.315,0.34,0.655,99,1694,,51,203,,,35.9,14.9,28.6,15.5,6,0,-4,-4,70,6874H95,"BOS,CHW,STL"
247,Wally Joyner,35.8,1986,2001,24-39,2033,8115,7127,973,2060,1421,409,26,204,1106,60,39,833,825,0.289,0.362,0.44,0.802,117,3133,168,38,26,91,109,35.8,9.3,31.4,-5.1,149,-8,3,-5,52,*3HD,"ANA,ATL,CAL,KCR,SDP"
248,Danny Murphy,35.7,1900,1915,23-38,1496,5996,5399,705,1563,1128,289,102,44,702,193,4,335,327,0.289,0.336,0.405,0.742,124,2188,,47,197,,,35.7,12.8,36.1,-4,155,0,-7,-7,-4,49H8/37,"BTT,NYG,PHA"
249,Willie Kamm,35.6,1923,1935,23-35,1693,6946,5851,802,1643,1181,348,85,29,827,126,84,824,405,0.281,0.372,0.384,0.756,97,2248,,22,238,,20,35.6,9.1,30.7,9.4,2,-6,5,-1,50,*5H,"CHW,CLE"
250,Denny Lyons,35.5,1885,1897,19-31,1123,5029,4300,933,1334,959,244,69,62,756,224,,623,280,0.31,0.407,0.442,0.85,140,1902,,82,24,,,35.5,21.6,38,0.8,274,0,-12,-12,-28,53,"NYG,PHA,PIT,PRO,STL"
251,Tommy Holmes,35.5,1942,1952,25-35,1320,5566,4992,698,1507,1080,292,47,88,581,40,25,480,122,0.302,0.366,0.432,0.798,122,2157,96,24,69,,37,35.5,16,31.7,-0.1,161,3,-3,-1,38,*98H7,"BRO,BSN"
252,Miller Huggins,35.4,1904,1916,26-38,1586,6825,5558,948,1474,1269,146,50,9,318,324,31,1003,556,0.265,0.382,0.314,0.696,107,1747,,47,192,,,35.4,14.1,32.1,4.2,101,0,-7,-7,36,*4H5,"CIN,STL"
253,Mickey Vernon,35.3,1939,1960,21-42,2409,9839,8731,1196,2495,1713,490,120,172,1311,137,90,955,869,0.286,0.359,0.428,0.787,116,3741,183,49,80,19,86,35.3,5.4,37.5,-13.3,176,9,-6,3,-22,*3H,"BOS,CLE,MLN,PIT,WSH"
254,Edwin Encarnación,35.3,2005,2020,22-37,1960,8126,7040,1099,1832,1028,370,10,424,1261,61,14,903,1426,0.26,0.35,0.496,0.846,123,3494,185,105,0,66,54,35.3,8.1,42.3,-15.2,243,-14,-7,-20,-68,D53H/74,"CHW,CIN,CLE,NYY,SEA,TOR"
255,Eddie Yost,35.1,1944,1962,17-35,2109,9177,7346,1215,1863,1331,337,56,139,682,72,66,1614,920,0.254,0.394,0.371,0.765,109,2729,133,99,98,18,26,35.1,8.2,46.9,-10.7,190,-5,8,4,-112,*5H/37964,"DET,LAA,WSH"
256,Ron Fairly,35,1958,1978,19-39,2442,8437,7184,931,1913,1358,307,33,215,1044,35,33,1052,877,0.266,0.36,0.408,0.768,117,2931,157,40,96,65,129,35,5,34.6,-12.4,164,1,-2,0,-6,39H87D,"CAL,LAD,MON,OAK,STL,TOR"
257,Howie Kendrick,35,2006,2020,22-36,1621,6421,5950,792,1747,1228,354,38,127,724,126,47,349,1102,0.294,0.337,0.43,0.767,109,2558,193,61,24,37,34,35,12.9,33,4,83,-10,14,4,23,473HD5/98,"LAA,LAD,PHI,WSN"
258,Brady Anderson,35,1988,2002,24-38,1834,7737,6499,1062,1661,1046,338,67,210,761,315,100,960,1190,0.256,0.362,0.425,0.787,109,2763,65,154,74,50,59,35,9.3,37.8,-3.8,97,15,27,42,-29,*87H9D,"BAL,BOS,CLE"
259,George Burns,35,1914,1929,21-36,1866,7249,6573,901,2018,1430,444,72,72,954,154,65,363,433,0.307,0.354,0.429,0.783,113,2822,,110,187,,15,35,6.3,33,-5.3,103,0,10,10,22,*3H9/7,"BOS,CLE,DET,NYY,PHA"
260,Alex Gordon,34.9,2007,2020,23-36,1753,7250,6391,867,1643,1070,357,26,190,749,113,45,684,1535,0.257,0.338,0.41,0.748,102,2622,110,121,8,43,48,34.9,10,23.8,7.1,11,1,11,12,104,7538HD/916,KCR
261,Jimmy Dykes,34.8,1918,1939,21-42,2282,9353,8046,1108,2256,1605,453,90,108,1069,70,57,958,850,0.28,0.365,0.399,0.764,96,3213,0,115,228,,23,34.8,-0.1,36.4,4,-26,-5,-1,-6,-13,5463H/8179,"CHW,PHA"
262,Frank White,34.8,1973,1990,22-39,2324,8468,7859,912,2006,1381,407,58,160,886,178,83,412,1035,0.255,0.293,0.383,0.675,85,3009,156,30,101,65,27,34.8,7,22.5,21.9,-145,0,1,1,121,*46H5D/9,KCR
263,Claude Ritchey,34.7,1897,1909,23-35,1672,6858,5923,709,1619,1317,216,68,18,675,155,,607,290,0.273,0.348,0.342,0.69,102,2025,,72,224,,,34.7,10.9,28.7,8.2,39,0,-13,-13,61,*46O/H9,"BSN,CIN,LOU,PIT"
264,Shawn Green,34.7,1993,2007,20-34,1951,7963,7082,1129,2003,1195,445,35,328,1070,162,52,744,1315,0.283,0.355,0.494,0.85,120,3502,175,80,3,53,80,34.7,9.6,39.1,-11.7,200,12,10,22,-42,*93H87D,"ARI,LAD,NYM,TOR"
265,Stuffy McInnis,34.7,1909,1927,18-36,2128,8642,7822,871,2405,1972,312,101,20,1063,172,75,380,251,0.307,0.343,0.381,0.723,105,2979,,38,383,,2,34.7,1.9,31.5,-4.3,60,0,-5,-5,31,*3H65/47,"BOS,BSN,CLE,PHA,PHI,PIT"
266,Shin-Soo Choo,34.7,2005,2020,22-37,1652,7157,6087,961,1671,1085,339,29,218,782,157,55,868,1579,0.275,0.377,0.447,0.824,122,2722,101,152,10,40,43,34.7,10.6,42.1,-13.6,213,6,13,20,-70,9D78H,"CIN,CLE,SEA,TEX"
267,Carl Furillo,34.7,1946,1960,24-38,1806,7022,6378,895,1910,1338,324,56,192,1058,48,50,514,436,0.299,0.355,0.458,0.813,112,2922,207,47,59,24,83,34.7,7.7,30.8,-2.1,111,-6,3,-3,53,*98H7,"BRO,LAD"
268,Derrek Lee,34.5,1997,2011,21-35,1942,7963,6962,1081,1959,1166,432,30,331,1078,104,48,874,1622,0.281,0.365,0.495,0.859,122,3444,199,70,2,55,72,34.5,10.4,35,-11,243,-18,-6,-24,3,*3H/D,"ATL,BAL,CHC,FLA,PIT,SDP"
269,Elvis Andrus,34.5,2009,2023,20-34,2059,8603,7772,1058,2091,1558,380,51,102,775,347,115,611,1206,0.269,0.325,0.37,0.695,86,2879,197,57,104,58,8,34.5,5.5,35.9,10.5,-108,2,53,55,-13,*64HD/5,"CHW,OAK,TEX"
270,Ken Griffey,34.5,1973,1991,23-41,2097,8049,7229,1129,2143,1550,364,77,152,859,200,83,719,898,0.296,0.359,0.431,0.79,118,3117,106,14,31,55,51,34.5,8.5,41.7,-14.5,171,25,18,43,-68,97H83D,"ATL,CIN,NYY,SEA"
271,Jeff Cirillo,34.5,1994,2007,24-37,1617,6136,5396,800,1598,1122,343,21,112,727,63,37,563,694,0.296,0.366,0.43,0.796,102,2319,153,67,51,59,18,34.5,14.8,26.4,10.4,52,-8,6,-2,85,5H34D/617,"ARI,COL,MIL,MIN,SDP,SEA"
272,Pedro Guerrero,34.4,1978,1992,22-36,1536,6115,5392,730,1618,1107,267,29,215,898,97,47,609,862,0.3,0.37,0.48,0.85,137,2588,122,32,9,73,115,34.4,13.9,41.6,-12.5,259,-9,-4,-13,-73,35978H4,"LAD,STL"
273,Travis Fryman,34.4,1990,2002,21-33,1698,7217,6481,895,1776,1168,345,40,223,1022,72,38,602,1369,0.274,0.336,0.443,0.779,104,2870,154,41,15,78,19,34.4,9.8,33.6,6.2,34,-8,6,-2,12,56H/D3,"CLE,DET"
274,B.J. Surhoff,34.4,1987,2005,22-40,2313,9106,8258,1062,2326,1656,440,42,188,1153,141,84,640,839,0.282,0.332,0.413,0.745,98,3414,169,33,71,104,81,34.4,3.4,28,6.9,-42,15,-4,10,71,725H3D9/846,"ATL,BAL,MIL"
275,Willie McGee,34.3,1982,1999,23-40,2201,8188,7649,1010,2254,1731,350,94,79,856,352,121,448,1238,0.295,0.333,0.396,0.729,100,3029,157,15,30,46,58,34.3,7.6,33.9,-1.7,34,21,32,53,-4,*89H73/D6,"BOS,OAK,SFG,STL"
276,Johnny Pesky,34.1,1942,1954,23-35,1270,5516,4745,867,1455,1162,226,50,17,404,53,49,662,218,0.307,0.394,0.386,0.78,107,1832,82,25,83,1,6,34.1,18.6,32.3,6.6,87,17,16,32,17,654H,"BOS,DET,WSH"
277,Marty McManus,34.1,1920,1934,20-34,1831,7568,6660,1008,1926,1317,401,88,120,992,126,95,675,558,0.289,0.357,0.43,0.787,102,2863,13,30,198,,10,34.1,5.4,34,4.8,17,-3,-3,-6,0,453H6/9,"BOS,BSN,DET,SLB"
278,Michael Brantley,34.1,2009,2023,22-36,1445,6149,5566,758,1656,1154,348,25,129,720,125,33,485,658,0.298,0.355,0.439,0.794,117,2441,130,37,13,47,37,34.1,13.1,31.6,-1.2,120,1,13,14,23,78DH9,"CLE,HOU"
279,Ron Gant,34.1,1987,2003,22-38,1832,7320,6449,1080,1651,978,302,50,321,1008,243,102,770,1411,0.256,0.336,0.468,0.803,112,3016,98,32,12,57,38,34.1,11.3,33,-3.1,120,7,20,27,13,78H45D/9,"ANA,ATL,CIN,COL,OAK,PHI,SDP,STL"
280,Bob Allison,34.1,1958,1970,23-35,1541,5924,5032,811,1281,756,216,53,256,796,84,50,795,1033,0.255,0.358,0.471,0.829,127,2371,115,34,25,35,30,34.1,15.2,32.7,-5.3,195,-8,6,-3,31,9783H,"MIN,WSH"
281,Ken McMullen,34,1962,1977,20-35,1583,5731,5131,568,1273,919,172,26,156,606,20,19,510,815,0.248,0.316,0.383,0.699,104,1965,134,17,34,38,47,34,14.1,26.2,10.8,33,-6,6,0,80,5H3D76/94,"CAL,LAD,MIL,OAK,WSA"
282,Tony Cuccinello,34,1930,1945,22-37,1704,6880,6184,730,1729,1255,334,46,94,884,42,39,579,497,0.28,0.343,0.394,0.737,104,2437,121,18,96,,54,34,10.8,31.6,7.5,52,-7,-5,-12,28,45H/6,"BRO,BSN,CHW,CIN,NYG"
283,Dan McGann,34,1896,1908,24-36,1437,6057,5226,842,1482,1159,181,100,42,727,282,,429,334,0.284,0.364,0.381,0.744,117,1989,,230,166,,,34,13.2,30.7,0.1,132,0,0,0,37,*34/H,"BLA,BLN,BRO,BSN,NYG,STL,WHS"
284,George Grantham,33.9,1922,1934,22-34,1444,5900,4989,912,1508,1018,292,93,105,712,132,95,717,526,0.302,0.392,0.461,0.854,122,2301,5,23,168,,24,33.9,14.6,36.7,-2.1,174,4,-1,3,-23,43H75,"CHC,CIN,NYG,PIT"
285,Ray Durham,33.8,1995,2008,23-36,1975,8423,7408,1249,2054,1343,440,79,192,875,273,97,820,1201,0.277,0.352,0.436,0.788,104,3228,151,72,55,68,34,33.8,6.7,43.7,-5.1,77,9,38,47,-101,*4HD/8,"CHW,MIL,OAK,SFG"
286,Robby Thompson,33.8,1986,1996,24-34,1304,5235,4612,671,1187,791,238,39,119,458,103,62,439,987,0.257,0.329,0.403,0.733,105,1860,72,66,99,19,8,33.8,17,29.3,7.9,67,6,14,19,36,*4H/6,SFG
287,Nick Markakis,33.7,2006,2020,22-36,2154,9321,8302,1119,2388,1663,514,22,189,1046,66,32,891,1230,0.288,0.357,0.423,0.781,109,3513,214,51,4,73,79,33.7,3,32.8,-7.1,111,-2,-6,-8,14,*97DH/83,"ATL,BAL"
288,Billy Nash,33.7,1884,1898,19-33,1553,6742,5867,1080,1616,1198,271,87,60,983,269,,805,414,0.275,0.367,0.382,0.749,105,2241,,41,29,,,33.7,11.3,31.5,7.4,66,0,-13,-13,40,*546/O1,"BOS,BSN,PHI,RIC"
289,Bobby Thomson,33.7,1946,1960,22-36,1779,6961,6305,903,1705,1100,267,74,264,1026,38,33,559,804,0.27,0.332,0.462,0.794,110,2912,163,34,36,23,52,33.7,6.9,32.4,-1.1,82,-6,11,6,27,875H9/43,"BAL,BOS,CHC,MLN,NYG"
290,Dom DiMaggio,33.6,1940,1953,23-36,1399,6478,5640,1046,1680,1228,308,57,87,618,100,62,750,571,0.298,0.383,0.419,0.802,111,2363,107,31,57,,10,33.6,15.3,29.4,3,106,-2,18,16,37,*8H97,BOS
291,Heinie Zimmerman,33.6,1907,1919,20-32,1456,5744,5304,695,1566,1128,275,105,58,799,175,52,242,432,0.295,0.331,0.419,0.75,121,2225,,38,156,,,33.6,15.1,34.8,3.2,124,0,-8,-8,-5,54H63/879,"CHC,NYG"
292,Mark Ellis,33.5,2002,2014,25-37,1435,5728,5117,690,1343,956,257,25,105,550,82,29,438,801,0.262,0.327,0.384,0.711,92,1965,89,75,59,39,20,33.5,13.7,19.6,17.9,-46,3,5,8,134,*4H65/D3,"COL,LAD,OAK,STL"
293,Joe Adcock,33.5,1950,1966,22-38,1959,7305,6606,823,1832,1166,295,35,336,1122,20,31,594,1059,0.277,0.337,0.485,0.822,124,3205,223,17,52,35,62,33.5,6.6,35.1,-10.4,217,-27,-23,-50,2,37H/9,"CAL,CIN,CLE,LAA,MLN"
294,Ken Caminiti,33.4,1987,2001,24-38,1760,7127,6288,894,1710,1106,348,17,239,983,88,39,727,1163,0.272,0.347,0.447,0.794,116,2809,152,29,14,67,112,33.4,11.3,33.8,1.6,119,-6,-2,-7,-10,*5H3/D,"ATL,HOU,SDP,TEX"
295,Elbie Fletcher,33.4,1934,1949,18-33,1415,5828,4879,723,1323,958,228,58,79,616,32,35,851,495,0.271,0.384,0.39,0.774,117,1904,97,42,54,,62,33.4,12.5,30,-3.4,140,9,4,13,36,*3H,"BSN,PIT"
296,Smoky Burgess,33.4,1949,1967,22-40,1691,5014,4471,485,1318,929,230,33,126,673,13,14,477,270,0.295,0.362,0.446,0.807,116,1992,121,13,13,39,96,33.4,14.2,32.9,6.2,100,-5,-15,-20,13,2H,"CHC,CHW,CIN,PHI,PIT"
297,Kid Elberfeld,33.3,1898,1914,23-39,1292,5295,4561,647,1235,1000,169,56,10,535,213,,427,166,0.271,0.355,0.339,0.694,106,1546,,165,119,,,33.3,13.1,34.2,7.1,68,0,-7,-7,-7,654H,"BRO,CIN,DET,NYY,PHI,WSH"
298,Dwayne Murphy,33.3,1978,1989,23-34,1360,5242,4347,648,1069,744,139,20,166,609,100,61,747,953,0.246,0.356,0.402,0.757,115,1746,92,19,84,45,39,33.3,16.6,28.2,6,103,0,-3,-3,52,*8H79D/346,"DET,OAK,PHI"
299,Johnny Logan,33.3,1951,1963,25-37,1503,5893,5244,651,1407,1057,216,41,93,547,19,13,451,472,0.268,0.33,0.378,0.708,94,1984,125,43,125,30,28,33.3,11,28.9,14,-23,-7,10,3,57,*6H5,"BSN,MLN,PIT"
300,Gene Woodling,33.2,1943,1962,20-39,1796,6618,5587,830,1585,1118,257,63,147,830,29,47,921,477,0.284,0.386,0.431,0.817,123,2409,110,28,46,31,53,33.2,12.7,34,-8.1,204,20,-19,0,-4,79H8,"BAL,CLE,NYM,NYY,PIT,WSA"
301,Ken Keltner,33.1,1937,1950,20-33,1526,6316,5683,737,1570,1030,308,69,163,852,39,33,514,480,0.276,0.338,0.441,0.778,112,2505,144,13,102,,52,33.1,13.5,26.7,7.2,80,-14,0,-14,60,*5H/3,"BOS,CLE"
302,Rick Monday,33.1,1966,1984,20-38,1986,7162,6136,950,1619,1066,248,64,241,775,98,91,924,1513,0.264,0.361,0.443,0.804,125,2718,71,24,46,32,107,33.1,9.6,45.8,-14.6,194,19,7,26,-111,8H973,"CHC,KCA,LAD,OAK"
303,Earl Torgeson,33,1947,1961,23-37,1668,6046,4969,848,1318,908,215,46,149,740,133,58,980,653,0.265,0.385,0.417,0.802,117,2072,113,8,55,25,54,33,11.4,33,-6.3,148,10,19,30,8,3H/97,"BSN,CHW,DET,NYY,PHI"
304,Richie Hebner,33,1968,1985,20-37,1908,7027,6144,865,1694,1161,273,57,203,890,38,40,687,741,0.276,0.352,0.438,0.79,119,2690,105,74,44,67,95,33,10.2,38.4,-5.6,141,2,6,8,-55,53HD9/74,"CHC,DET,NYM,PHI,PIT"
305,Gavy Cravath,32.9,1908,1920,27-39,1220,4663,3951,575,1134,700,232,83,119,719,89,20,561,578,0.287,0.38,0.478,0.858,151,1889,,28,105,,,32.9,17.7,36,-9.5,240,0,-5,-5,-21,9H78/3,"BOS,CHW,PHI,WSH"
306,Ezra Sutton,32.9,1871,1888,21-38,1263,5537,5360,994,1574,1225,227,97,25,672,70,18,169,182,0.294,0.316,0.386,0.702,120,2070,10,8,,,,32.9,13.6,35.1,2.5,145,0,-6,-6,-3,56O43/12,"ATH,BSN,CLE"
307,Brian Jordan,32.9,1992,2006,25-39,1456,5646,5160,755,1454,966,267,37,184,821,119,48,353,842,0.282,0.333,0.455,0.788,105,2347,118,74,2,57,25,32.9,15.7,17.8,10.1,36,4,24,28,153,978H3D/5,"ATL,LAD,STL,TEX"
308,Bill Doran,32.8,1982,1993,24-35,1453,5922,5131,727,1366,1023,220,39,84,497,209,93,709,600,0.266,0.354,0.373,0.728,106,1916,79,10,34,38,52,32.8,13.1,32.9,3.9,71,5,13,18,-7,*4H36/75,"CIN,HOU,MIL"
309,Riggs Stephenson,32.7,1921,1934,23-36,1310,5136,4508,714,1515,1077,321,54,63,773,53,43,494,247,0.336,0.407,0.473,0.88,129,2133,14,41,91,,35,32.7,15.2,34.7,-5.2,208,0,3,3,-17,74H59,"CHC,CLE"
310,Mickey Rivers,32.7,1970,1984,21-35,1468,6027,5629,785,1660,1281,247,71,61,499,267,90,266,471,0.295,0.327,0.397,0.724,106,2232,44,22,75,35,20,32.7,12.8,32.8,-0.8,57,29,39,69,2,8HD79,"CAL,NYY,TEX"
311,Sam West,32.7,1927,1942,22-37,1753,6974,6148,934,1838,1315,347,101,75,838,54,56,696,540,0.299,0.371,0.425,0.796,104,2612,6,5,123,,18,32.7,7.6,29.4,1,54,23,4,26,37,8H739,"CHW,SLB,WSH"
312,Ron Hunt,32.7,1963,1974,22-33,1483,6158,5235,745,1429,1144,223,23,39,370,65,55,555,382,0.273,0.368,0.347,0.715,105,1815,100,243,103,22,22,32.7,11.2,35.7,1,84,3,2,5,-39,45H/6,"LAD,MON,NYM,SFG,STL"
313,Rico Carty,32.6,1963,1979,23-39,1651,6318,5606,712,1677,1178,278,17,204,890,21,26,642,663,0.299,0.369,0.464,0.833,132,2601,206,13,3,54,65,32.6,10.4,32.3,-10,228,-26,-15,-41,-1,7DH329/5,"ATL,CHC,CLE,MLN,OAK,TEX,TOR"
314,Jimmy Williams,32.5,1899,1909,22-32,1457,6138,5485,780,1508,1079,242,138,49,796,151,,474,531,0.275,0.337,0.396,0.733,115,2173,,36,121,,,32.5,9.6,32.1,1.7,101,0,-9,-9,6,*45/6H3,"BLA,NYY,PIT,SLB"
315,John Valentin,32.5,1992,2002,25-35,1105,4511,3917,614,1093,671,281,17,124,558,47,31,463,524,0.279,0.36,0.454,0.814,109,1780,91,53,36,42,15,32.5,17.4,25.1,12.1,63,-7,-3,-10,79,654H3/D,"BOS,NYM"
316,Billy Hoy,32.5,1888,1902,26-40,1797,8386,7115,1429,2048,1639,248,121,40,725,596,,1006,345,0.288,0.386,0.374,0.76,110,2658,,134,130,,,32.5,5.9,36.3,-10.8,178,0,15,15,-34,*O8/4,"BUF,CHW,CIN,LOU,STL,WHS"
317,Adam Jones,32.5,2006,2019,20-33,1823,7516,7009,963,1939,1292,336,29,282,945,97,35,340,1395,0.277,0.317,0.454,0.771,106,3179,190,103,8,55,20,32.5,6.4,37.3,-0.7,58,-7,14,7,-45,*89H7D,"ARI,BAL,SEA"
318,Édgar Rentería,32.4,1996,2011,19-34,2152,9066,8142,1200,2327,1722,436,29,140,923,294,108,718,1182,0.286,0.343,0.398,0.741,94,3241,241,31,99,76,42,32.4,4.7,35.2,8.9,-35,-13,22,8,-20,*6H/4D3,"ATL,BOS,CIN,DET,FLA,SFG,STL"
319,Joe Start,32.4,1871,1886,28-43,1070,4907,4743,852,1417,1187,148,67,15,544,18,9,164,109,0.299,0.322,0.368,0.69,121,1744,2,,,,,32.4,15.6,30.2,2.8,150,0,-1,-1,37,*3/O,"CHC,HAR,NYU,PRO,WHS"
320,Kevin Youkilis,32.4,2004,2013,25-34,1061,4436,3749,653,1053,631,254,18,150,618,26,14,539,828,0.281,0.382,0.478,0.861,124,1793,74,104,0,44,22,32.4,16.9,28.7,1.7,148,1,3,4,38,35H7/D49,"BOS,CHW,NYY"
321,Aramis Ramírez,32.3,1998,2015,20-37,2194,8986,8136,1098,2303,1398,495,24,386,1417,29,18,633,1238,0.283,0.341,0.492,0.833,115,4004,233,127,3,87,58,32.3,4.9,41.9,-5.9,170,-23,-31,-54,-86,*5HD/3,"CHC,MIL,PIT"
322,Roy Cullenbine,32.3,1938,1947,24-33,1181,4787,3879,627,1072,721,209,32,110,599,26,24,853,399,0.276,0.408,0.432,0.84,132,1675,61,11,44,,34,32.3,17.5,31.1,-4,198,2,0,2,10,973H58,"BRO,CLE,DET,NYY,SLB,WSH"
323,Darin Erstad,32.3,1996,2009,22-35,1654,6628,6024,913,1697,1224,316,33,124,699,179,58,475,939,0.282,0.336,0.407,0.743,93,2451,87,37,36,43,46,32.3,9.9,18.2,10.8,-57,22,28,51,146,387HD9,"ANA,CAL,CHW,HOU,LAA"
324,Al Rosen,32.3,1947,1956,23-32,1044,4374,3725,603,1063,686,165,20,192,717,39,33,587,385,0.285,0.384,0.495,0.879,137,1844,121,27,9,26,43,32.3,18.9,31.5,0.4,197,-13,-1,-13,5,53H/647,CLE
325,Justin Upton,32.1,2007,2022,19-34,1845,7649,6721,1058,1754,1041,350,38,325,1003,151,59,785,1971,0.261,0.342,0.469,0.812,117,3155,142,78,3,59,49,32.1,7.6,33.7,-9,150,-1,10,9,-16,*79HD/8,"ARI,ATL,DET,LAA,SDP,SEA"
326,Bobby Murcer,32.1,1965,1983,19-37,1908,7718,6730,972,1862,1280,285,45,252,1043,127,75,862,841,0.277,0.357,0.445,0.802,124,2993,124,27,18,81,96,32.1,6.2,43.1,-15.8,177,10,10,20,-98,98HD756/4,"CHC,NYY,SFG"
327,Scott Fletcher,31.9,1981,1995,22-36,1612,5976,5258,688,1376,1061,243,38,34,510,99,58,514,541,0.262,0.332,0.342,0.674,85,1797,109,57,111,36,13,31.9,12.3,22,18.2,-69,2,8,10,101,645HD/3,"BOS,CHC,CHW,DET,MIL,TEX"
328,Frank McCormick,31.8,1934,1948,23-37,1534,6207,5723,722,1711,1223,334,26,128,954,27,22,399,189,0.299,0.348,0.434,0.781,118,2481,176,27,58,,94,31.8,10.1,25.6,-0.8,128,-16,-3,-18,62,*3H/49,"BSN,CIN,PHI"
329,Marty Marion,31.8,1940,1953,23-36,1572,6143,5506,602,1448,1103,272,37,36,624,35,21,470,537,0.263,0.323,0.345,0.668,81,1902,120,14,151,,62,31.8,9.4,17.9,25,-142,1,2,2,130,*6H/5,"SLB,STL"
330,Victor Martinez,31.8,2002,2018,23-39,1973,8166,7297,914,2153,1481,423,3,246,1178,7,7,730,891,0.295,0.36,0.455,0.815,118,3320,264,53,0,86,119,31.8,3.1,37.4,-8.5,176,-27,-35,-62,-58,D23H,"BOS,CLE,DET"
331,Wally Pipp,31.8,1913,1928,20-35,1872,7837,6914,974,1941,1392,311,148,90,1004,125,80,596,551,0.281,0.341,0.408,0.749,104,2818,,38,272,,7,31.8,2.5,23.7,0.4,25,0,-9,-9,80,*3H,"CIN,DET,NYY"
332,Eddie Joost,31.7,1936,1955,20-39,1574,6791,5606,874,1339,932,238,35,134,601,61,48,1043,827,0.239,0.361,0.366,0.727,99,2049,83,33,101,0,34,31.7,11.1,31.1,10.2,22,-4,3,-2,5,645H/3,"BOS,BSN,CIN,PHA"
333,Rudy York,31.7,1934,1948,20-34,1603,6723,5891,876,1621,1001,291,52,277,1149,38,26,792,867,0.275,0.362,0.483,0.845,123,2847,155,12,25,,54,31.7,10.5,29.6,-3.3,175,-22,-10,-32,18,32H57,"BOS,CHW,DET,PHA"
334,Andrés Galarraga,31.7,1985,2004,24-43,2257,8916,8096,1195,2333,1458,444,32,399,1425,128,81,583,2003,0.288,0.347,0.499,0.846,119,4038,179,178,1,58,106,31.7,3.6,33.9,-14.9,215,-4,-21,-24,-24,*3HD/5,"ANA,ATL,COL,MON,SFG,STL,TEX"
335,Chick Stahl,31.7,1897,1906,24-33,1304,5718,5069,858,1546,1173,219,118,36,622,189,,470,270,0.305,0.369,0.416,0.785,122,2109,,44,126,,,31.7,11.1,29.9,-3,155,0,-8,-8,29,*8O/H17,"BOS,BSN"
336,José Valentín,31.6,1992,2007,22-37,1678,6317,5539,872,1348,756,302,41,249,816,136,56,630,1294,0.243,0.321,0.448,0.769,96,2479,66,29,70,49,54,31.6,10.5,25.7,13.6,-63,9,24,33,62,654H78D/93,"CHW,LAD,MIL,NYM"
337,Cy Seymour,31.6,1896,1913,23-40,1529,6227,5686,737,1724,1347,229,96,52,799,222,1,354,361,0.303,0.347,0.405,0.752,118,2301,,30,138,,,31.6,12.5,29.8,-2.2,111,0,-6,-6,21,891OH/3754,"BLA,BSN,CIN,NYG"
338,Brian McCann,31.6,2005,2019,21-35,1755,6850,6067,742,1590,1009,294,5,282,1018,25,9,640,1054,0.262,0.337,0.452,0.789,110,2740,180,75,9,59,71,31.6,9.8,34.2,7.5,77,-16,-33,-49,-24,2HD3,"ATL,HOU,NYY"
339,Ted Kluszewski,31.5,1947,1961,22-36,1718,6470,5929,848,1766,1168,290,29,279,1028,20,16,492,365,0.298,0.353,0.498,0.85,123,2951,143,23,3,23,142,31.5,7.2,34.9,-9.9,170,7,-1,6,-16,3H,"CHW,CIN,LAA,PIT"
340,Shane Victorino,31.4,2003,2015,22-34,1299,5164,4630,731,1274,865,231,70,108,489,231,46,381,626,0.275,0.34,0.425,0.765,102,1969,60,81,52,20,12,31.4,15.8,23.8,7.6,28,15,38,53,72,897H,"BOS,LAA,LAD,PHI,SDP"
341,Topsy Hartsel,31.3,1898,1911,24-37,1356,5842,4848,826,1336,1031,182,92,31,341,247,,837,551,0.276,0.384,0.37,0.754,128,1795,,12,96,,,31.3,10.1,33.5,-9.8,185,0,-3,-3,-15,7OH89,"CHC,CIN,LOU,PHA"
342,Bill Russell,31.3,1969,1986,20-37,2181,8021,7318,796,1926,1530,293,57,46,627,167,69,483,667,0.263,0.31,0.338,0.648,83,2471,174,36,132,51,106,31.3,5.1,22.2,19.4,-156,8,23,31,72,69H874/5,LAD
343,Duke Farrell,31.1,1888,1905,21-38,1565,6269,5682,829,1572,1186,211,123,52,916,150,,480,369,0.277,0.338,0.385,0.723,100,2185,,50,51,,,31.1,10.1,24.8,12.8,-4,0,-14,-14,85,25O3H6,"BOS,BRO,CHC,CHI,NYG,PIT,WHS"
344,Jacoby Ellsbury,31,2007,2017,23-33,1235,5375,4846,749,1376,984,241,47,104,512,343,71,399,737,0.284,0.342,0.417,0.76,103,2023,82,46,21,32,19,31,12.9,27.8,6,20,8,36,44,30,*87H9D,"BOS,NYY"
345,Bill Joyce,31,1890,1898,22-30,906,4163,3310,822,971,642,153,106,70,609,266,,721,380,0.293,0.435,0.467,0.902,143,1546,,108,24,,,31,18,35.2,-2,256,0,0,0,-51,534/O,"BOS,BRO,BWW,NYG,WHS"
346,Hunter Pence,30.9,2007,2020,24-37,1707,7006,6420,891,1791,1168,324,55,244,942,120,55,520,1335,0.279,0.334,0.461,0.794,114,2957,151,26,1,39,19,30.9,9.5,31,-6.8,135,10,14,24,2,*98H7D,"HOU,PHI,SFG,TEX"
347,Orlando Hudson,30.9,2002,2012,24-34,1345,5413,4825,648,1319,904,256,66,93,542,85,28,483,825,0.273,0.341,0.412,0.752,97,1986,138,30,33,42,21,30.9,13.3,21.3,13.2,-13,0,18,18,97,*4H5/D,"ARI,CHW,LAD,MIN,SDP,TOR"
348,Greg Vaughn,30.9,1989,2003,23-37,1731,7070,6103,1017,1475,813,284,23,355,1072,121,59,865,1513,0.242,0.337,0.47,0.807,113,2870,101,37,11,54,54,30.9,7.1,29.3,-6.1,118,8,12,20,22,7DH/89,"CIN,COL,MIL,SDP,TBD"
349,J.D. Martinez,30.8,2011,2024,23-36,1642,6865,6152,897,1741,996,390,24,331,1071,26,11,601,1714,0.283,0.348,0.516,0.863,131,3172,195,40,0,61,54,30.8,8.2,34,-13.2,250,-21,-21,-42,-34,D97H,"ARI,BOS,DET,HOU,LAD,NYM"
350,Hank Thompson,30.7,1943,1956,17-30,1087,4217,3572,625,983,657,133,49,144,568,57,24,557,337,0.275,0.376,0.461,0.837,123,1646,46,28,43,15,25,30.7,15.4,29.2,2.3,128,11,3,14,25,54H9876,"KCM,NYG,SLB"
351,Chris Speier,30.6,1971,1989,21-39,2260,8155,7156,770,1759,1295,302,50,112,720,42,54,847,988,0.246,0.327,0.349,0.676,88,2497,183,35,73,44,106,30.6,3.9,26,17.7,-95,0,-24,-24,33,65H4/3,"CHC,MIN,MON,SFG,STL"
352,Joe Kuhel,30.6,1930,1947,24-41,2104,9097,7984,1236,2212,1558,412,111,131,1049,178,90,980,612,0.277,0.359,0.406,0.765,104,3239,74,39,92,,47,30.6,0.5,31.4,-9.8,70,20,25,45,-7,*3H,"CHW,WSH"
353,Arlie Latham,30.5,1880,1909,20-49,1629,7524,6832,1481,1836,1479,245,85,27,563,742,,589,305,0.269,0.334,0.341,0.676,92,2332,,85,18,,,30.5,10.3,23,12.4,-65,0,50,50,89,*546O/23H,"BUF,CHI,CIN,NYG,STL,WHS"
354,Cecil Travis,30.5,1933,1947,19-33,1328,5417,4914,665,1544,1174,265,78,27,657,23,32,402,291,0.314,0.37,0.416,0.786,108,2046,51,31,67,,34,30.5,12.1,30.5,5.1,80,4,0,4,5,65H97/4,WSH
355,Ginger Beaumont,30.5,1899,1910,22-33,1463,6313,5660,955,1759,1456,182,82,39,617,254,,425,314,0.311,0.362,0.393,0.755,123,2222,,30,166,,,30.5,9.8,32.9,-6.5,165,0,-9,-9,-16,*8OH7/935,"BSN,CHC,PIT"
356,Harry Steinfeldt,30.4,1898,1911,22-35,1647,6712,5900,759,1578,1177,284,90,27,762,202,,471,479,0.267,0.33,0.36,0.69,102,2123,,79,241,,,30.4,7.4,28.9,7.6,9,0,-9,-9,14,54O6H/379,"BSN,CHC,CIN"
357,Gary Matthews,30.4,1972,1987,21-36,2033,8189,7147,1083,2011,1407,319,51,234,978,183,74,940,1125,0.281,0.364,0.439,0.802,118,3134,179,21,19,62,46,30.4,3.5,40,-18.6,198,-5,11,5,-94,*79HD,"ATL,CHC,PHI,SEA,SFG"
358,Mike Hargrove,30.3,1974,1985,24-35,1666,6694,5564,783,1614,1240,266,28,80,686,24,37,965,550,0.29,0.396,0.391,0.787,121,2176,154,53,44,67,75,30.3,8.3,31.5,-9,179,-4,-14,-18,-6,*37HD,"CLE,SDP,TEX"
359,Jhonny Peralta,30.3,2003,2017,21-35,1798,7319,6599,841,1761,1159,376,24,202,873,17,27,606,1450,0.267,0.329,0.423,0.752,102,2791,200,38,13,63,24,30.3,4.8,33.5,5.8,33,-16,-27,-43,-30,65HD/37,"CLE,DET,STL"
360,Bobby Bonilla,30.3,1986,2001,23-38,2113,8257,7213,1084,2010,1254,408,61,287,1173,45,57,912,1204,0.279,0.358,0.472,0.829,124,3401,169,28,5,97,128,30.3,4.1,42,-15.6,206,-8,-10,-18,-121,597H3D8/1,"ATL,BAL,CHW,FLA,LAD,NYM,PIT,STL"
361,Lance Johnson,30.2,1987,2000,23-36,1447,5800,5379,767,1565,1239,175,117,34,486,327,105,352,384,0.291,0.334,0.386,0.72,95,2076,103,7,35,27,29,30.2,11.1,22.7,10.5,-37,15,34,49,80,8H79/D,"CHC,CHW,NYM,NYY,STL"
362,Elmer Smith,30.2,1886,1901,18-33,1237,5422,4693,913,1456,1086,197,136,37,665,233,,639,258,0.31,0.398,0.434,0.831,126,2036,,42,48,,,30.2,13.6,29.7,-4.9,213,0,-13,-13,13,O19/7H,"BSN,CIN,NYG,PIT"
363,Kevin McReynolds,30.1,1983,1994,23-34,1502,6039,5423,727,1439,909,284,35,211,807,93,32,522,707,0.265,0.328,0.447,0.775,115,2426,100,14,14,66,67,30.1,9.6,28.8,-3.2,114,-2,8,6,7,*78H9/D,"KCR,NYM,SDP"
364,Asdrúbal Cabrera,30.1,2007,2021,21-35,1822,7401,6632,886,1763,1139,401,28,195,869,91,32,589,1330,0.266,0.329,0.423,0.752,105,2805,177,68,51,61,26,30.1,5,36.8,0.9,49,-8,2,-7,-60,645H3D/1,"ARI,CIN,CLE,NYM,PHI,TBR,TEX,WSN"
365,Sherm Lollar,30.1,1946,1963,21-38,1752,6221,5351,623,1415,1002,244,14,155,808,20,10,671,453,0.264,0.357,0.402,0.759,104,2152,184,115,47,34,68,30.1,11,26.4,10.4,38,-17,-10,-26,38,2H3/5,"CHW,CLE,NYY,SLB"
366,John Titus,30,1903,1913,27-37,1402,5842,4960,738,1401,1038,253,72,38,564,140,7,620,389,0.282,0.373,0.385,0.758,128,1912,,94,144,,,30,11.1,30.9,-8.5,188,0,-11,-11,-4,*97H8,"BSN,PHI"
